// user:DESKTOP-0HM15HR_628165; date:2020-10-14 11:45:19.203; sample:3201; 
frequency[Hz]; amplitude[g RMS]; phase[°]; 
0.0; 0.0; 0.0; 
2; 0.0; 0.0; 
4; 0.00001; 0.0; 
6; 0.00006; 0.0; 
8; 0.00085; 0.0; 
10; 0.00186; 0.0; 
12; 0.00131; 0.0; 
14; 0.00082; 0.0; 
16; 0.00091; 0.0; 
18; 0.00049; 0.0; 
20; 0.00238; 0.0; 
22; 0.00137; 0.0; 
24; 0.00456; 0.0; 
26; 0.00474; 0.0; 
28; 0.00179; 0.0; 
30; 0.0014; 0.0; 
32; 0.00124; 0.0; 
34; 0.00192; 0.0; 
36; 0.00408; 0.0; 
38; 0.00529; 0.0; 
40; 0.04225; 0.0; 
42; 0.09304; 0.0; 
44; 0.04837; 0.0; 
46; 0.00102; 0.0; 
48; 0.005; 0.0; 
50; 0.01092; 0.0; 
52; 0.01058; 0.0; 
54; 0.00372; 0.0; 
56; 0.00228; 0.0; 
58; 0.00211; 0.0; 
60; 0.00225; 0.0; 
62; 0.00295; 0.0; 
64; 0.00152; 0.0; 
66; 0.00313; 0.0; 
68; 0.00326; 0.0; 
70; 0.00145; 0.0; 
72; 0.00278; 0.0; 
74; 0.00319; 0.0; 
76; 0.00395; 0.0; 
78; 0.00233; 0.0; 
80; 0.00153; 0.0; 
82; 0.01356; 0.0; 
84; 0.02663; 0.0; 
86; 0.01373; 0.0; 
88; 0.00042; 0.0; 
90; 0.00428; 0.0; 
92; 0.01; 0.0; 
94; 0.00622; 0.0; 
96; 0.00129; 0.0; 
98; 0.00068; 0.0; 
100; 0.00289; 0.0; 
102; 0.00813; 0.0; 
104; 0.00684; 0.0; 
106; 0.00265; 0.0; 
108; 0.00273; 0.0; 
110; 0.00507; 0.0; 
112; 0.01063; 0.0; 
114; 0.00912; 0.0; 
116; 0.00466; 0.0; 
118; 0.00337; 0.0; 
120; 0.0044; 0.0; 
122; 0.00541; 0.0; 
124; 0.0272; 0.0; 
126; 0.06418; 0.0; 
128; 0.0322; 0.0; 
130; 0.00421; 0.0; 
132; 0.00786; 0.0; 
134; 0.00793; 0.0; 
136; 0.00405; 0.0; 
138; 0.00165; 0.0; 
140; 0.00303; 0.0; 
142; 0.00277; 0.0; 
144; 0.00208; 0.0; 
146; 0.0006; 0.0; 
148; 0.00109; 0.0; 
150; 0.00171; 0.0; 
152; 0.00271; 0.0; 
154; 0.00503; 0.0; 
156; 0.00299; 0.0; 
158; 0.00287; 0.0; 
160; 0.00182; 0.0; 
162; 0.00306; 0.0; 
164; 0.00249; 0.0; 
166; 0.01164; 0.0; 
168; 0.02352; 0.0; 
170; 0.01299; 0.0; 
172; 0.00278; 0.0; 
174; 0.00678; 0.0; 
176; 0.00764; 0.0; 
178; 0.00615; 0.0; 
180; 0.00535; 0.0; 
182; 0.00291; 0.0; 
184; 0.00412; 0.0; 
186; 0.00474; 0.0; 
188; 0.00238; 0.0; 
190; 0.00083; 0.0; 
192; 0.00322; 0.0; 
194; 0.0051; 0.0; 
196; 0.006; 0.0; 
198; 0.00366; 0.0; 
200; 0.00315; 0.0; 
202; 0.00219; 0.0; 
204; 0.00406; 0.0; 
206; 0.00417; 0.0; 
208; 0.01351; 0.0; 
210; 0.03042; 0.0; 
212; 0.01694; 0.0; 
214; 0.00526; 0.0; 
216; 0.00663; 0.0; 
218; 0.00511; 0.0; 
220; 0.00392; 0.0; 
222; 0.00625; 0.0; 
224; 0.01335; 0.0; 
226; 0.00887; 0.0; 
228; 0.00289; 0.0; 
230; 0.00113; 0.0; 
232; 0.00298; 0.0; 
234; 0.0077; 0.0; 
236; 0.00802; 0.0; 
238; 0.00558; 0.0; 
240; 0.00128; 0.0; 
242; 0.0044; 0.0; 
244; 0.00511; 0.0; 
246; 0.00508; 0.0; 
248; 0.00231; 0.0; 
250; 0.01188; 0.0; 
252; 0.02559; 0.0; 
254; 0.01686; 0.0; 
256; 0.00839; 0.0; 
258; 0.01244; 0.0; 
260; 0.0061; 0.0; 
262; 0.00375; 0.0; 
264; 0.00362; 0.0; 
266; 0.0076; 0.0; 
268; 0.00777; 0.0; 
270; 0.00356; 0.0; 
272; 0.0052; 0.0; 
274; 0.00968; 0.0; 
276; 0.02103; 0.0; 
278; 0.01441; 0.0; 
280; 0.00808; 0.0; 
282; 0.00641; 0.0; 
284; 0.02187; 0.0; 
286; 0.02528; 0.0; 
288; 0.01258; 0.0; 
290; 0.0067; 0.0; 
292; 0.01799; 0.0; 
294; 0.03188; 0.0; 
296; 0.01532; 0.0; 
298; 0.03437; 0.0; 
300; 0.0565; 0.0; 
302; 0.02629; 0.0; 
304; 0.00761; 0.0; 
306; 0.01361; 0.0; 
308; 0.00788; 0.0; 
310; 0.01465; 0.0; 
312; 0.01358; 0.0; 
314; 0.02173; 0.0; 
316; 0.04613; 0.0; 
318; 0.07075; 0.0; 
320; 0.04086; 0.0; 
322; 0.01183; 0.0; 
324; 0.00728; 0.0; 
326; 0.0124; 0.0; 
328; 0.01554; 0.0; 
330; 0.01136; 0.0; 
332; 0.00437; 0.0; 
334; 0.00357; 0.0; 
336; 0.01249; 0.0; 
338; 0.012; 0.0; 
340; 0.00215; 0.0; 
342; 0.00459; 0.0; 
344; 0.01008; 0.0; 
346; 0.01408; 0.0; 
348; 0.00817; 0.0; 
350; 0.00932; 0.0; 
352; 0.00309; 0.0; 
354; 0.00509; 0.0; 
356; 0.01054; 0.0; 
358; 0.01915; 0.0; 
360; 0.0152; 0.0; 
362; 0.00346; 0.0; 
364; 0.0031; 0.0; 
366; 0.01126; 0.0; 
368; 0.01353; 0.0; 
370; 0.0091; 0.0; 
372; 0.00457; 0.0; 
374; 0.00846; 0.0; 
376; 0.00713; 0.0; 
378; 0.00663; 0.0; 
380; 0.0093; 0.0; 
382; 0.00567; 0.0; 
384; 0.00817; 0.0; 
386; 0.00845; 0.0; 
388; 0.00343; 0.0; 
390; 0.00424; 0.0; 
392; 0.00293; 0.0; 
394; 0.00223; 0.0; 
396; 0.00819; 0.0; 
398; 0.01149; 0.0; 
400; 0.00685; 0.0; 
402; 0.00519; 0.0; 
404; 0.00505; 0.0; 
406; 0.00996; 0.0; 
408; 0.01109; 0.0; 
410; 0.00466; 0.0; 
412; 0.00298; 0.0; 
414; 0.00091; 0.0; 
416; 0.00304; 0.0; 
418; 0.01343; 0.0; 
420; 0.02405; 0.0; 
422; 0.01316; 0.0; 
424; 0.00376; 0.0; 
426; 0.00767; 0.0; 
428; 0.01155; 0.0; 
430; 0.01191; 0.0; 
432; 0.00741; 0.0; 
434; 0.00605; 0.0; 
436; 0.00341; 0.0; 
438; 0.00672; 0.0; 
440; 0.00475; 0.0; 
442; 0.00399; 0.0; 
444; 0.00364; 0.0; 
446; 0.00872; 0.0; 
448; 0.01194; 0.0; 
450; 0.00729; 0.0; 
452; 0.0034; 0.0; 
454; 0.00328; 0.0; 
456; 0.00283; 0.0; 
458; 0.00199; 0.0; 
460; 0.00831; 0.0; 
462; 0.0191; 0.0; 
464; 0.01266; 0.0; 
466; 0.00937; 0.0; 
468; 0.01357; 0.0; 
470; 0.01179; 0.0; 
472; 0.00867; 0.0; 
474; 0.00534; 0.0; 
476; 0.00434; 0.0; 
478; 0.00533; 0.0; 
480; 0.00402; 0.0; 
482; 0.00295; 0.0; 
484; 0.00135; 0.0; 
486; 0.00573; 0.0; 
488; 0.00723; 0.0; 
490; 0.00842; 0.0; 
492; 0.00542; 0.0; 
494; 0.00333; 0.0; 
496; 0.00446; 0.0; 
498; 0.00319; 0.0; 
500; 0.00377; 0.0; 
502; 0.005; 0.0; 
504; 0.02091; 0.0; 
506; 0.01983; 0.0; 
508; 0.00586; 0.0; 
510; 0.00664; 0.0; 
512; 0.01092; 0.0; 
514; 0.01299; 0.0; 
516; 0.00896; 0.0; 
518; 0.00545; 0.0; 
520; 0.00238; 0.0; 
522; 0.00579; 0.0; 
524; 0.00844; 0.0; 
526; 0.00669; 0.0; 
528; 0.01035; 0.0; 
530; 0.01207; 0.0; 
532; 0.00628; 0.0; 
534; 0.00566; 0.0; 
536; 0.01629; 0.0; 
538; 0.01858; 0.0; 
540; 0.01446; 0.0; 
542; 0.00996; 0.0; 
544; 0.01596; 0.0; 
546; 0.03439; 0.0; 
548; 0.02339; 0.0; 
550; 0.01539; 0.0; 
552; 0.01245; 0.0; 
554; 0.01126; 0.0; 
556; 0.01318; 0.0; 
558; 0.0085; 0.0; 
560; 0.00525; 0.0; 
562; 0.00737; 0.0; 
564; 0.00519; 0.0; 
566; 0.00337; 0.0; 
568; 0.00492; 0.0; 
570; 0.00282; 0.0; 
572; 0.00208; 0.0; 
574; 0.00249; 0.0; 
576; 0.00278; 0.0; 
578; 0.00308; 0.0; 
580; 0.00206; 0.0; 
582; 0.00169; 0.0; 
584; 0.00222; 0.0; 
586; 0.00476; 0.0; 
588; 0.00682; 0.0; 
590; 0.00312; 0.0; 
592; 0.00337; 0.0; 
594; 0.00525; 0.0; 
596; 0.00415; 0.0; 
598; 0.00513; 0.0; 
600; 0.00623; 0.0; 
602; 0.00273; 0.0; 
604; 0.00309; 0.0; 
606; 0.00369; 0.0; 
608; 0.00185; 0.0; 
610; 0.00214; 0.0; 
612; 0.00283; 0.0; 
614; 0.00314; 0.0; 
616; 0.00387; 0.0; 
618; 0.00463; 0.0; 
620; 0.00546; 0.0; 
622; 0.00378; 0.0; 
624; 0.00188; 0.0; 
626; 0.00386; 0.0; 
628; 0.00309; 0.0; 
630; 0.00873; 0.0; 
632; 0.00725; 0.0; 
634; 0.00665; 0.0; 
636; 0.01742; 0.0; 
638; 0.01882; 0.0; 
640; 0.00725; 0.0; 
642; 0.00659; 0.0; 
644; 0.00592; 0.0; 
646; 0.01096; 0.0; 
648; 0.01585; 0.0; 
650; 0.00934; 0.0; 
652; 0.01097; 0.0; 
654; 0.01084; 0.0; 
656; 0.00293; 0.0; 
658; 0.00641; 0.0; 
660; 0.00773; 0.0; 
662; 0.00987; 0.0; 
664; 0.00859; 0.0; 
666; 0.01099; 0.0; 
668; 0.02801; 0.0; 
670; 0.03437; 0.0; 
672; 0.02672; 0.0; 
674; 0.02846; 0.0; 
676; 0.02415; 0.0; 
678; 0.00884; 0.0; 
680; 0.01792; 0.0; 
682; 0.0299; 0.0; 
684; 0.02532; 0.0; 
686; 0.01262; 0.0; 
688; 0.00744; 0.0; 
690; 0.00865; 0.0; 
692; 0.01738; 0.0; 
694; 0.01755; 0.0; 
696; 0.01334; 0.0; 
698; 0.00897; 0.0; 
700; 0.01524; 0.0; 
702; 0.02037; 0.0; 
704; 0.01293; 0.0; 
706; 0.00773; 0.0; 
708; 0.015; 0.0; 
710; 0.01893; 0.0; 
712; 0.01142; 0.0; 
714; 0.0125; 0.0; 
716; 0.0159; 0.0; 
718; 0.01517; 0.0; 
720; 0.0137; 0.0; 
722; 0.00596; 0.0; 
724; 0.00801; 0.0; 
726; 0.01173; 0.0; 
728; 0.00818; 0.0; 
730; 0.00774; 0.0; 
732; 0.01968; 0.0; 
734; 0.01881; 0.0; 
736; 0.01126; 0.0; 
738; 0.01201; 0.0; 
740; 0.01151; 0.0; 
742; 0.00831; 0.0; 
744; 0.0094; 0.0; 
746; 0.0075; 0.0; 
748; 0.00867; 0.0; 
750; 0.0083; 0.0; 
752; 0.01422; 0.0; 
754; 0.01843; 0.0; 
756; 0.01431; 0.0; 
758; 0.01669; 0.0; 
760; 0.01678; 0.0; 
762; 0.0102; 0.0; 
764; 0.01345; 0.0; 
766; 0.01491; 0.0; 
768; 0.02057; 0.0; 
770; 0.01883; 0.0; 
772; 0.00851; 0.0; 
774; 0.00646; 0.0; 
776; 0.00971; 0.0; 
778; 0.01289; 0.0; 
780; 0.01632; 0.0; 
782; 0.01628; 0.0; 
784; 0.01382; 0.0; 
786; 0.00294; 0.0; 
788; 0.00432; 0.0; 
790; 0.00575; 0.0; 
792; 0.00878; 0.0; 
794; 0.0088; 0.0; 
796; 0.00253; 0.0; 
798; 0.00999; 0.0; 
800; 0.01849; 0.0; 
802; 0.01317; 0.0; 
804; 0.00667; 0.0; 
806; 0.01067; 0.0; 
808; 0.01097; 0.0; 
810; 0.00964; 0.0; 
812; 0.005; 0.0; 
814; 0.00623; 0.0; 
816; 0.00221; 0.0; 
818; 0.00872; 0.0; 
820; 0.00912; 0.0; 
822; 0.00674; 0.0; 
824; 0.00817; 0.0; 
826; 0.00787; 0.0; 
828; 0.00751; 0.0; 
830; 0.0079; 0.0; 
832; 0.01351; 0.0; 
834; 0.00684; 0.0; 
836; 0.00708; 0.0; 
838; 0.00666; 0.0; 
840; 0.01682; 0.0; 
842; 0.0106; 0.0; 
844; 0.00883; 0.0; 
846; 0.01128; 0.0; 
848; 0.01727; 0.0; 
850; 0.01867; 0.0; 
852; 0.00697; 0.0; 
854; 0.00753; 0.0; 
856; 0.00969; 0.0; 
858; 0.01286; 0.0; 
860; 0.01521; 0.0; 
862; 0.01596; 0.0; 
864; 0.01532; 0.0; 
866; 0.02475; 0.0; 
868; 0.01489; 0.0; 
870; 0.01516; 0.0; 
872; 0.01808; 0.0; 
874; 0.00965; 0.0; 
876; 0.01889; 0.0; 
878; 0.0168; 0.0; 
880; 0.03684; 0.0; 
882; 0.04557; 0.0; 
884; 0.03621; 0.0; 
886; 0.03384; 0.0; 
888; 0.02847; 0.0; 
890; 0.02577; 0.0; 
892; 0.02867; 0.0; 
894; 0.01187; 0.0; 
896; 0.01284; 0.0; 
898; 0.01076; 0.0; 
900; 0.02096; 0.0; 
902; 0.03169; 0.0; 
904; 0.03574; 0.0; 
906; 0.02197; 0.0; 
908; 0.02042; 0.0; 
910; 0.01829; 0.0; 
912; 0.02038; 0.0; 
914; 0.02402; 0.0; 
916; 0.0211; 0.0; 
918; 0.01989; 0.0; 
920; 0.01617; 0.0; 
922; 0.0202; 0.0; 
924; 0.04447; 0.0; 
926; 0.02954; 0.0; 
928; 0.02334; 0.0; 
930; 0.02665; 0.0; 
932; 0.03546; 0.0; 
934; 0.03077; 0.0; 
936; 0.00895; 0.0; 
938; 0.00848; 0.0; 
940; 0.00631; 0.0; 
942; 0.01633; 0.0; 
944; 0.02764; 0.0; 
946; 0.03265; 0.0; 
948; 0.01666; 0.0; 
950; 0.01654; 0.0; 
952; 0.01522; 0.0; 
954; 0.01498; 0.0; 
956; 0.01594; 0.0; 
958; 0.01434; 0.0; 
960; 0.01678; 0.0; 
962; 0.01292; 0.0; 
964; 0.02436; 0.0; 
966; 0.04133; 0.0; 
968; 0.0281; 0.0; 
970; 0.02202; 0.0; 
972; 0.01672; 0.0; 
974; 0.01804; 0.0; 
976; 0.01862; 0.0; 
978; 0.00861; 0.0; 
980; 0.00208; 0.0; 
982; 0.00342; 0.0; 
984; 0.00246; 0.0; 
986; 0.00673; 0.0; 
988; 0.00937; 0.0; 
990; 0.00737; 0.0; 
992; 0.00626; 0.0; 
994; 0.00441; 0.0; 
996; 0.00219; 0.0; 
998; 0.00345; 0.0; 
1000; 0.00176; 0.0; 
1002; 0.00464; 0.0; 
1004; 0.00858; 0.0; 
1006; 0.01207; 0.0; 
1008; 0.01496; 0.0; 
1010; 0.00888; 0.0; 
1012; 0.00497; 0.0; 
1014; 0.00565; 0.0; 
1016; 0.00264; 0.0; 
1018; 0.00416; 0.0; 
1020; 0.00231; 0.0; 
1022; 0.00403; 0.0; 
1024; 0.00356; 0.0; 
1026; 0.00252; 0.0; 
1028; 0.00259; 0.0; 
1030; 0.00356; 0.0; 
1032; 0.00487; 0.0; 
1034; 0.00595; 0.0; 
1036; 0.0041; 0.0; 
1038; 0.00336; 0.0; 
1040; 0.00351; 0.0; 
1042; 0.00154; 0.0; 
1044; 0.00457; 0.0; 
1046; 0.00538; 0.0; 
1048; 0.00167; 0.0; 
1050; 0.00793; 0.0; 
1052; 0.00584; 0.0; 
1054; 0.00407; 0.0; 
1056; 0.00456; 0.0; 
1058; 0.0029; 0.0; 
1060; 0.0019; 0.0; 
1062; 0.00224; 0.0; 
1064; 0.00278; 0.0; 
1066; 0.00194; 0.0; 
1068; 0.00403; 0.0; 
1070; 0.00418; 0.0; 
1072; 0.00435; 0.0; 
1074; 0.00275; 0.0; 
1076; 0.00569; 0.0; 
1078; 0.00704; 0.0; 
1080; 0.005; 0.0; 
1082; 0.00544; 0.0; 
1084; 0.00274; 0.0; 
1086; 0.00289; 0.0; 
1088; 0.00258; 0.0; 
1090; 0.00402; 0.0; 
1092; 0.00829; 0.0; 
1094; 0.00512; 0.0; 
1096; 0.00356; 0.0; 
1098; 0.00277; 0.0; 
1100; 0.00283; 0.0; 
1102; 0.00289; 0.0; 
1104; 0.00389; 0.0; 
1106; 0.00467; 0.0; 
1108; 0.00217; 0.0; 
1110; 0.00355; 0.0; 
1112; 0.00316; 0.0; 
1114; 0.00217; 0.0; 
1116; 0.00171; 0.0; 
1118; 0.00333; 0.0; 
1120; 0.00329; 0.0; 
1122; 0.00329; 0.0; 
1124; 0.00441; 0.0; 
1126; 0.00503; 0.0; 
1128; 0.00306; 0.0; 
1130; 0.00207; 0.0; 
1132; 0.00329; 0.0; 
1134; 0.00297; 0.0; 
1136; 0.00213; 0.0; 
1138; 0.00208; 0.0; 
1140; 0.00046; 0.0; 
1142; 0.0023; 0.0; 
1144; 0.00529; 0.0; 
1146; 0.00291; 0.0; 
1148; 0.00383; 0.0; 
1150; 0.00348; 0.0; 
1152; 0.00345; 0.0; 
1154; 0.00433; 0.0; 
1156; 0.00405; 0.0; 
1158; 0.00461; 0.0; 
1160; 0.00654; 0.0; 
1162; 0.0041; 0.0; 
1164; 0.00181; 0.0; 
1166; 0.00128; 0.0; 
1168; 0.00151; 0.0; 
1170; 0.00108; 0.0; 
1172; 0.00171; 0.0; 
1174; 0.00393; 0.0; 
1176; 0.00296; 0.0; 
1178; 0.00353; 0.0; 
1180; 0.00519; 0.0; 
1182; 0.00595; 0.0; 
1184; 0.00421; 0.0; 
1186; 0.00628; 0.0; 
1188; 0.00662; 0.0; 
1190; 0.00738; 0.0; 
1192; 0.00731; 0.0; 
1194; 0.00773; 0.0; 
1196; 0.00572; 0.0; 
1198; 0.00481; 0.0; 
1200; 0.00633; 0.0; 
1202; 0.00678; 0.0; 
1204; 0.00255; 0.0; 
1206; 0.00729; 0.0; 
1208; 0.01062; 0.0; 
1210; 0.006; 0.0; 
1212; 0.0046; 0.0; 
1214; 0.00434; 0.0; 
1216; 0.00382; 0.0; 
1218; 0.00639; 0.0; 
1220; 0.00473; 0.0; 
1222; 0.00442; 0.0; 
1224; 0.00836; 0.0; 
1226; 0.01144; 0.0; 
1228; 0.00822; 0.0; 
1230; 0.00236; 0.0; 
1232; 0.00426; 0.0; 
1234; 0.00746; 0.0; 
1236; 0.00909; 0.0; 
1238; 0.00379; 0.0; 
1240; 0.00616; 0.0; 
1242; 0.01122; 0.0; 
1244; 0.00702; 0.0; 
1246; 0.00447; 0.0; 
1248; 0.01141; 0.0; 
1250; 0.01826; 0.0; 
1252; 0.01202; 0.0; 
1254; 0.00472; 0.0; 
1256; 0.00637; 0.0; 
1258; 0.01228; 0.0; 
1260; 0.02208; 0.0; 
1262; 0.01153; 0.0; 
1264; 0.00907; 0.0; 
1266; 0.00512; 0.0; 
1268; 0.00546; 0.0; 
1270; 0.00637; 0.0; 
1272; 0.0078; 0.0; 
1274; 0.00583; 0.0; 
1276; 0.00092; 0.0; 
1278; 0.00167; 0.0; 
1280; 0.00266; 0.0; 
1282; 0.00153; 0.0; 
1284; 0.00555; 0.0; 
1286; 0.00826; 0.0; 
1288; 0.00629; 0.0; 
1290; 0.01263; 0.0; 
1292; 0.01932; 0.0; 
1294; 0.02459; 0.0; 
1296; 0.0198; 0.0; 
1298; 0.01169; 0.0; 
1300; 0.00758; 0.0; 
1302; 0.00617; 0.0; 
1304; 0.00666; 0.0; 
1306; 0.00556; 0.0; 
1308; 0.00499; 0.0; 
1310; 0.00915; 0.0; 
1312; 0.01495; 0.0; 
1314; 0.009; 0.0; 
1316; 0.01021; 0.0; 
1318; 0.01257; 0.0; 
1320; 0.01344; 0.0; 
1322; 0.01501; 0.0; 
1324; 0.01308; 0.0; 
1326; 0.00986; 0.0; 
1328; 0.0152; 0.0; 
1330; 0.00799; 0.0; 
1332; 0.01069; 0.0; 
1334; 0.01686; 0.0; 
1336; 0.00841; 0.0; 
1338; 0.00905; 0.0; 
1340; 0.01069; 0.0; 
1342; 0.00707; 0.0; 
1344; 0.0062; 0.0; 
1346; 0.00677; 0.0; 
1348; 0.0058; 0.0; 
1350; 0.01245; 0.0; 
1352; 0.00816; 0.0; 
1354; 0.00982; 0.0; 
1356; 0.01048; 0.0; 
1358; 0.00917; 0.0; 
1360; 0.01976; 0.0; 
1362; 0.01519; 0.0; 
1364; 0.00832; 0.0; 
1366; 0.00985; 0.0; 
1368; 0.00835; 0.0; 
1370; 0.00938; 0.0; 
1372; 0.00624; 0.0; 
1374; 0.00641; 0.0; 
1376; 0.0041; 0.0; 
1378; 0.0093; 0.0; 
1380; 0.00768; 0.0; 
1382; 0.00285; 0.0; 
1384; 0.00519; 0.0; 
1386; 0.00907; 0.0; 
1388; 0.00492; 0.0; 
1390; 0.00464; 0.0; 
1392; 0.00918; 0.0; 
1394; 0.01112; 0.0; 
1396; 0.01333; 0.0; 
1398; 0.00736; 0.0; 
1400; 0.00626; 0.0; 
1402; 0.01124; 0.0; 
1404; 0.01563; 0.0; 
1406; 0.01453; 0.0; 
1408; 0.01173; 0.0; 
1410; 0.01038; 0.0; 
1412; 0.0125; 0.0; 
1414; 0.00532; 0.0; 
1416; 0.00767; 0.0; 
1418; 0.01118; 0.0; 
1420; 0.00851; 0.0; 
1422; 0.00624; 0.0; 
1424; 0.00654; 0.0; 
1426; 0.00801; 0.0; 
1428; 0.00681; 0.0; 
1430; 0.00594; 0.0; 
1432; 0.00717; 0.0; 
1434; 0.00724; 0.0; 
1436; 0.00545; 0.0; 
1438; 0.00432; 0.0; 
1440; 0.00387; 0.0; 
1442; 0.00588; 0.0; 
1444; 0.0093; 0.0; 
1446; 0.00485; 0.0; 
1448; 0.0092; 0.0; 
1450; 0.00766; 0.0; 
1452; 0.00452; 0.0; 
1454; 0.00919; 0.0; 
1456; 0.00764; 0.0; 
1458; 0.00812; 0.0; 
1460; 0.01128; 0.0; 
1462; 0.00855; 0.0; 
1464; 0.0095; 0.0; 
1466; 0.00995; 0.0; 
1468; 0.00841; 0.0; 
1470; 0.0063; 0.0; 
1472; 0.00719; 0.0; 
1474; 0.00804; 0.0; 
1476; 0.01231; 0.0; 
1478; 0.01219; 0.0; 
1480; 0.01125; 0.0; 
1482; 0.00831; 0.0; 
1484; 0.01183; 0.0; 
1486; 0.01849; 0.0; 
1488; 0.00941; 0.0; 
1490; 0.01649; 0.0; 
1492; 0.02014; 0.0; 
1494; 0.01624; 0.0; 
1496; 0.00862; 0.0; 
1498; 0.0029; 0.0; 
1500; 0.0086; 0.0; 
1502; 0.012; 0.0; 
1504; 0.00923; 0.0; 
1506; 0.01465; 0.0; 
1508; 0.01658; 0.0; 
1510; 0.0211; 0.0; 
1512; 0.01579; 0.0; 
1514; 0.00789; 0.0; 
1516; 0.00642; 0.0; 
1518; 0.01131; 0.0; 
1520; 0.00889; 0.0; 
1522; 0.00455; 0.0; 
1524; 0.00909; 0.0; 
1526; 0.00787; 0.0; 
1528; 0.00735; 0.0; 
1530; 0.00686; 0.0; 
1532; 0.00684; 0.0; 
1534; 0.00991; 0.0; 
1536; 0.01511; 0.0; 
1538; 0.01143; 0.0; 
1540; 0.00745; 0.0; 
1542; 0.00686; 0.0; 
1544; 0.00601; 0.0; 
1546; 0.00688; 0.0; 
1548; 0.00856; 0.0; 
1550; 0.0066; 0.0; 
1552; 0.00717; 0.0; 
1554; 0.00835; 0.0; 
1556; 0.00582; 0.0; 
1558; 0.00504; 0.0; 
1560; 0.00482; 0.0; 
1562; 0.00325; 0.0; 
1564; 0.00447; 0.0; 
1566; 0.00601; 0.0; 
1568; 0.0045; 0.0; 
1570; 0.00526; 0.0; 
1572; 0.00438; 0.0; 
1574; 0.00566; 0.0; 
1576; 0.0071; 0.0; 
1578; 0.00513; 0.0; 
1580; 0.00549; 0.0; 
1582; 0.00331; 0.0; 
1584; 0.00593; 0.0; 
1586; 0.00627; 0.0; 
1588; 0.00837; 0.0; 
1590; 0.00494; 0.0; 
1592; 0.00393; 0.0; 
1594; 0.01064; 0.0; 
1596; 0.00907; 0.0; 
1598; 0.00451; 0.0; 
1600; 0.00365; 0.0; 
1602; 0.00587; 0.0; 
1604; 0.00755; 0.0; 
1606; 0.00428; 0.0; 
1608; 0.00678; 0.0; 
1610; 0.00417; 0.0; 
1612; 0.00794; 0.0; 
1614; 0.00928; 0.0; 
1616; 0.01065; 0.0; 
1618; 0.02083; 0.0; 
1620; 0.0157; 0.0; 
1622; 0.00718; 0.0; 
1624; 0.01245; 0.0; 
1626; 0.01656; 0.0; 
1628; 0.00599; 0.0; 
1630; 0.01172; 0.0; 
1632; 0.012; 0.0; 
1634; 0.01233; 0.0; 
1636; 0.01177; 0.0; 
1638; 0.01065; 0.0; 
1640; 0.01094; 0.0; 
1642; 0.01372; 0.0; 
1644; 0.01496; 0.0; 
1646; 0.0162; 0.0; 
1648; 0.01175; 0.0; 
1650; 0.01273; 0.0; 
1652; 0.01694; 0.0; 
1654; 0.00797; 0.0; 
1656; 0.00839; 0.0; 
1658; 0.00998; 0.0; 
1660; 0.0116; 0.0; 
1662; 0.01093; 0.0; 
1664; 0.00836; 0.0; 
1666; 0.00754; 0.0; 
1668; 0.0074; 0.0; 
1670; 0.00612; 0.0; 
1672; 0.00223; 0.0; 
1674; 0.00771; 0.0; 
1676; 0.01212; 0.0; 
1678; 0.01554; 0.0; 
1680; 0.0185; 0.0; 
1682; 0.0153; 0.0; 
1684; 0.01466; 0.0; 
1686; 0.01359; 0.0; 
1688; 0.01201; 0.0; 
1690; 0.01291; 0.0; 
1692; 0.01294; 0.0; 
1694; 0.01498; 0.0; 
1696; 0.01899; 0.0; 
1698; 0.02042; 0.0; 
1700; 0.01309; 0.0; 
1702; 0.01543; 0.0; 
1704; 0.00602; 0.0; 
1706; 0.00673; 0.0; 
1708; 0.00622; 0.0; 
1710; 0.00833; 0.0; 
1712; 0.00436; 0.0; 
1714; 0.01333; 0.0; 
1716; 0.01159; 0.0; 
1718; 0.00441; 0.0; 
1720; 0.00705; 0.0; 
1722; 0.00564; 0.0; 
1724; 0.00678; 0.0; 
1726; 0.00744; 0.0; 
1728; 0.00247; 0.0; 
1730; 0.00407; 0.0; 
1732; 0.00579; 0.0; 
1734; 0.00578; 0.0; 
1736; 0.00937; 0.0; 
1738; 0.00671; 0.0; 
1740; 0.00395; 0.0; 
1742; 0.00696; 0.0; 
1744; 0.01548; 0.0; 
1746; 0.01306; 0.0; 
1748; 0.00644; 0.0; 
1750; 0.00708; 0.0; 
1752; 0.00756; 0.0; 
1754; 0.00765; 0.0; 
1756; 0.01048; 0.0; 
1758; 0.00437; 0.0; 
1760; 0.00557; 0.0; 
1762; 0.00845; 0.0; 
1764; 0.0116; 0.0; 
1766; 0.01156; 0.0; 
1768; 0.01009; 0.0; 
1770; 0.01438; 0.0; 
1772; 0.01224; 0.0; 
1774; 0.00907; 0.0; 
1776; 0.0084; 0.0; 
1778; 0.01036; 0.0; 
1780; 0.01332; 0.0; 
1782; 0.01598; 0.0; 
1784; 0.00616; 0.0; 
1786; 0.01082; 0.0; 
1788; 0.01593; 0.0; 
1790; 0.01102; 0.0; 
1792; 0.00633; 0.0; 
1794; 0.00604; 0.0; 
1796; 0.00326; 0.0; 
1798; 0.00459; 0.0; 
1800; 0.0034; 0.0; 
1802; 0.0044; 0.0; 
1804; 0.00249; 0.0; 
1806; 0.0041; 0.0; 
1808; 0.00531; 0.0; 
1810; 0.00502; 0.0; 
1812; 0.00551; 0.0; 
1814; 0.00978; 0.0; 
1816; 0.00885; 0.0; 
1818; 0.0056; 0.0; 
1820; 0.00697; 0.0; 
1822; 0.00945; 0.0; 
1824; 0.00833; 0.0; 
1826; 0.01034; 0.0; 
1828; 0.01219; 0.0; 
1830; 0.01084; 0.0; 
1832; 0.00971; 0.0; 
1834; 0.01492; 0.0; 
1836; 0.01837; 0.0; 
1838; 0.01583; 0.0; 
1840; 0.00545; 0.0; 
1842; 0.00932; 0.0; 
1844; 0.0105; 0.0; 
1846; 0.00949; 0.0; 
1848; 0.01042; 0.0; 
1850; 0.01105; 0.0; 
1852; 0.00631; 0.0; 
1854; 0.01065; 0.0; 
1856; 0.01665; 0.0; 
1858; 0.0232; 0.0; 
1860; 0.01125; 0.0; 
1862; 0.01404; 0.0; 
1864; 0.00477; 0.0; 
1866; 0.01821; 0.0; 
1868; 0.02119; 0.0; 
1870; 0.01695; 0.0; 
1872; 0.01167; 0.0; 
1874; 0.02534; 0.0; 
1876; 0.03274; 0.0; 
1878; 0.01414; 0.0; 
1880; 0.01319; 0.0; 
1882; 0.00762; 0.0; 
1884; 0.0131; 0.0; 
1886; 0.0161; 0.0; 
1888; 0.01513; 0.0; 
1890; 0.01324; 0.0; 
1892; 0.01082; 0.0; 
1894; 0.02379; 0.0; 
1896; 0.02692; 0.0; 
1898; 0.0271; 0.0; 
1900; 0.02948; 0.0; 
1902; 0.01423; 0.0; 
1904; 0.00218; 0.0; 
1906; 0.0109; 0.0; 
1908; 0.00957; 0.0; 
1910; 0.00575; 0.0; 
1912; 0.00631; 0.0; 
1914; 0.01453; 0.0; 
1916; 0.01825; 0.0; 
1918; 0.01433; 0.0; 
1920; 0.01868; 0.0; 
1922; 0.02301; 0.0; 
1924; 0.01091; 0.0; 
1926; 0.00413; 0.0; 
1928; 0.00424; 0.0; 
1930; 0.00668; 0.0; 
1932; 0.00851; 0.0; 
1934; 0.00801; 0.0; 
1936; 0.00755; 0.0; 
1938; 0.00907; 0.0; 
1940; 0.01849; 0.0; 
1942; 0.03208; 0.0; 
1944; 0.02123; 0.0; 
1946; 0.00734; 0.0; 
1948; 0.01219; 0.0; 
1950; 0.01718; 0.0; 
1952; 0.01358; 0.0; 
1954; 0.00539; 0.0; 
1956; 0.00846; 0.0; 
1958; 0.01082; 0.0; 
1960; 0.02079; 0.0; 
1962; 0.02503; 0.0; 
1964; 0.02112; 0.0; 
1966; 0.0139; 0.0; 
1968; 0.02043; 0.0; 
1970; 0.02587; 0.0; 
1972; 0.03802; 0.0; 
1974; 0.03374; 0.0; 
1976; 0.02415; 0.0; 
1978; 0.01983; 0.0; 
1980; 0.01617; 0.0; 
1982; 0.01991; 0.0; 
1984; 0.01595; 0.0; 
1986; 0.01217; 0.0; 
1988; 0.0225; 108.37; 
1990; 0.0172; 0.0; 
1992; 0.01974; 0.0; 
1994; 0.02332; 0.0; 
1996; 0.00838; 0.0; 
1998; 0.02149; 0.0; 
2000; 0.02179; 0.0; 
2002; 0.01408; 0.0; 
2004; 0.01334; 0.0; 
2006; 0.0091; 0.0; 
2008; 0.01012; 0.0; 
2010; 0.01364; 0.0; 
2012; 0.01376; 0.0; 
2014; 0.00762; 0.0; 
2016; 0.00487; 0.0; 
2018; 0.01238; 0.0; 
2020; 0.0159; 0.0; 
2022; 0.00844; 0.0; 
2024; 0.00947; 0.0; 
2026; 0.00841; 0.0; 
2028; 0.00903; 0.0; 
2030; 0.00794; 0.0; 
2032; 0.00486; 0.0; 
2034; 0.00787; 0.0; 
2036; 0.0056; 0.0; 
2038; 0.00455; 0.0; 
2040; 0.00751; 0.0; 
2042; 0.00518; 0.0; 
2044; 0.00994; 0.0; 
2046; 0.01258; 0.0; 
2048; 0.01419; 0.0; 
2050; 0.02169; 0.0; 
2052; 0.01773; 0.0; 
2054; 0.01275; 0.0; 
2056; 0.00972; 0.0; 
2058; 0.00251; 0.0; 
2060; 0.01778; 0.0; 
2062; 0.01738; 0.0; 
2064; 0.0061; 0.0; 
2066; 0.00832; 0.0; 
2068; 0.014; 0.0; 
2070; 0.02849; 0.0; 
2072; 0.03545; 0.0; 
2074; 0.01428; 0.0; 
2076; 0.00555; 0.0; 
2078; 0.00928; 0.0; 
2080; 0.01285; 0.0; 
2082; 0.01223; 0.0; 
2084; 0.00659; 0.0; 
2086; 0.00357; 0.0; 
2088; 0.00245; 0.0; 
2090; 0.00506; 0.0; 
2092; 0.00738; 0.0; 
2094; 0.00899; 0.0; 
2096; 0.007; 0.0; 
2098; 0.00874; 0.0; 
2100; 0.01034; 0.0; 
2102; 0.00962; 0.0; 
2104; 0.01188; 0.0; 
2106; 0.0065; 0.0; 
2108; 0.00774; 0.0; 
2110; 0.01079; 0.0; 
2112; 0.00654; 0.0; 
2114; 0.01265; 0.0; 
2116; 0.00923; 0.0; 
2118; 0.01017; 0.0; 
2120; 0.0124; 0.0; 
2122; 0.01267; 0.0; 
2124; 0.0077; 0.0; 
2126; 0.00924; 0.0; 
2128; 0.00579; 0.0; 
2130; 0.01757; 0.0; 
2132; 0.01825; 0.0; 
2134; 0.00952; 0.0; 
2136; 0.00731; 0.0; 
2138; 0.01163; 0.0; 
2140; 0.01268; 0.0; 
2142; 0.01561; 0.0; 
2144; 0.02228; 0.0; 
2146; 0.01035; 0.0; 
2148; 0.02077; 0.0; 
2150; 0.02109; 0.0; 
2152; 0.01582; 0.0; 
2154; 0.03101; 0.0; 
2156; 0.03819; 0.0; 
2158; 0.04348; 0.0; 
2160; 0.02531; 0.0; 
2162; 0.01984; 0.0; 
2164; 0.01383; 0.0; 
2166; 0.02135; 0.0; 
2168; 0.02294; 0.0; 
2170; 0.02515; 0.0; 
2172; 0.0521; 0.0; 
2174; 0.04819; 0.0; 
2176; 0.02382; 0.0; 
2178; 0.03469; 0.0; 
2180; 0.04263; 0.0; 
2182; 0.03057; 0.0; 
2184; 0.01942; 0.0; 
2186; 0.01921; 0.0; 
2188; 0.02042; 0.0; 
2190; 0.01466; 0.0; 
2192; 0.00954; 0.0; 
2194; 0.01689; 0.0; 
2196; 0.01101; 0.0; 
2198; 0.01303; 0.0; 
2200; 0.01766; 0.0; 
2202; 0.02671; 0.0; 
2204; 0.02628; 0.0; 
2206; 0.01678; 0.0; 
2208; 0.02113; 0.0; 
2210; 0.02284; 0.0; 
2212; 0.01684; 0.0; 
2214; 0.0216; 0.0; 
2216; 0.01109; 0.0; 
2218; 0.01194; 0.0; 
2220; 0.01228; 0.0; 
2222; 0.01978; 0.0; 
2224; 0.0205; 0.0; 
2226; 0.01694; 0.0; 
2228; 0.0153; 0.0; 
2230; 0.01733; 0.0; 
2232; 0.01623; 0.0; 
2234; 0.02179; 0.0; 
2236; 0.02346; 0.0; 
2238; 0.02099; 0.0; 
2240; 0.02237; 0.0; 
2242; 0.02351; 0.0; 
2244; 0.01447; 0.0; 
2246; 0.00508; 0.0; 
2248; 0.01753; 0.0; 
2250; 0.03033; 0.0; 
2252; 0.03206; 0.0; 
2254; 0.02599; 0.0; 
2256; 0.02401; 0.0; 
2258; 0.00704; 0.0; 
2260; 0.03294; 0.0; 
2262; 0.04126; 0.0; 
2264; 0.03881; 0.0; 
2266; 0.04309; 0.0; 
2268; 0.03285; 0.0; 
2270; 0.02451; 0.0; 
2272; 0.02332; 0.0; 
2274; 0.02048; 0.0; 
2276; 0.02671; 0.0; 
2278; 0.02128; 0.0; 
2280; 0.02181; 0.0; 
2282; 0.01594; 0.0; 
2284; 0.01428; 0.0; 
2286; 0.02565; 0.0; 
2288; 0.04618; 0.0; 
2290; 0.04912; 0.0; 
2292; 0.06563; 0.0; 
2294; 0.07296; 0.0; 
2296; 0.05107; 0.0; 
2298; 0.03886; 0.0; 
2300; 0.03503; 0.0; 
2302; 0.01639; 0.0; 
2304; 0.02096; 0.0; 
2306; 0.01599; 0.0; 
2308; 0.03287; 0.0; 
2310; 0.03214; 0.0; 
2312; 0.00606; 0.0; 
2314; 0.04736; 0.0; 
2316; 0.0618; 0.0; 
2318; 0.02374; 0.0; 
2320; 0.06714; 0.0; 
2322; 0.05058; 0.0; 
2324; 0.02448; 0.0; 
2326; 0.03191; 0.0; 
2328; 0.0508; 0.0; 
2330; 0.05909; 0.0; 
2332; 0.05831; 0.0; 
2334; 0.05979; 0.0; 
2336; 0.0488; 0.0; 
2338; 0.02243; 0.0; 
2340; 0.05436; 0.0; 
2342; 0.03768; 0.0; 
2344; 0.0304; 0.0; 
2346; 0.05147; 0.0; 
2348; 0.05147; 0.0; 
2350; 0.02255; 0.0; 
2352; 0.02929; 0.0; 
2354; 0.03661; 0.0; 
2356; 0.01981; 0.0; 
2358; 0.02068; 0.0; 
2360; 0.03297; 0.0; 
2362; 0.04809; 0.0; 
2364; 0.01491; 0.0; 
2366; 0.03321; 0.0; 
2368; 0.02973; 0.0; 
2370; 0.02538; 0.0; 
2372; 0.05368; 0.0; 
2374; 0.07434; 0.0; 
2376; 0.03586; 0.0; 
2378; 0.04182; 0.0; 
2380; 0.03982; 0.0; 
2382; 0.03333; 0.0; 
2384; 0.01884; 0.0; 
2386; 0.01888; 0.0; 
2388; 0.01929; 0.0; 
2390; 0.01821; 0.0; 
2392; 0.02399; 0.0; 
2394; 0.03501; 0.0; 
2396; 0.04792; 0.0; 
2398; 0.0432; 0.0; 
2400; 0.03266; 0.0; 
2402; 0.02899; 0.0; 
2404; 0.05011; 0.0; 
2406; 0.0373; 0.0; 
2408; 0.04432; 0.0; 
2410; 0.04448; 0.0; 
2412; 0.02444; 0.0; 
2414; 0.03065; 0.0; 
2416; 0.02197; 0.0; 
2418; 0.01186; 0.0; 
2420; 0.04712; 0.0; 
2422; 0.06229; 0.0; 
2424; 0.02673; 0.0; 
2426; 0.04418; 0.0; 
2428; 0.03223; 0.0; 
2430; 0.03147; 0.0; 
2432; 0.03124; 0.0; 
2434; 0.02777; 0.0; 
2436; 0.03191; 0.0; 
2438; 0.02527; 0.0; 
2440; 0.03939; 0.0; 
2442; 0.04331; 0.0; 
2444; 0.03009; 0.0; 
2446; 0.0337; 0.0; 
2448; 0.03195; 0.0; 
2450; 0.02485; 0.0; 
2452; 0.0176; 0.0; 
2454; 0.01175; 0.0; 
2456; 0.01746; 0.0; 
2458; 0.00476; 0.0; 
2460; 0.01674; 0.0; 
2462; 0.01137; 0.0; 
2464; 0.02374; 0.0; 
2466; 0.03319; 0.0; 
2468; 0.02882; 0.0; 
2470; 0.01414; 0.0; 
2472; 0.04377; 0.0; 
2474; 0.02174; 0.0; 
2476; 0.023; 0.0; 
2478; 0.02556; 0.0; 
2480; 0.02248; 0.0; 
2482; 0.01701; 0.0; 
2484; 0.02888; 0.0; 
2486; 0.04339; 0.0; 
2488; 0.04911; 0.0; 
2490; 0.0313; 0.0; 
2492; 0.02562; 0.0; 
2494; 0.03955; 0.0; 
2496; 0.03652; 0.0; 
2498; 0.02331; 0.0; 
2500; 0.01562; 0.0; 
2502; 0.02919; 0.0; 
2504; 0.04485; 0.0; 
2506; 0.05418; 0.0; 
2508; 0.05364; 0.0; 
2510; 0.04362; 0.0; 
2512; 0.04166; 0.0; 
2514; 0.02951; 0.0; 
2516; 0.00684; 0.0; 
2518; 0.01655; 0.0; 
2520; 0.01135; 0.0; 
2522; 0.01308; 0.0; 
2524; 0.01603; 0.0; 
2526; 0.01519; 0.0; 
2528; 0.0194; 0.0; 
2530; 0.02053; 0.0; 
2532; 0.01542; 0.0; 
2534; 0.00843; 0.0; 
2536; 0.00791; 0.0; 
2538; 0.01743; 0.0; 
2540; 0.01747; 0.0; 
2542; 0.03089; 0.0; 
2544; 0.03828; 0.0; 
2546; 0.01999; 0.0; 
2548; 0.02109; 0.0; 
2550; 0.01585; 0.0; 
2552; 0.00951; 0.0; 
2554; 0.02769; 0.0; 
2556; 0.01943; 0.0; 
2558; 0.00994; 0.0; 
2560; 0.01846; 0.0; 
2562; 0.01447; 0.0; 
2564; 0.01576; 0.0; 
2566; 0.01946; 0.0; 
2568; 0.01847; 0.0; 
2570; 0.01538; 0.0; 
2572; 0.00588; 0.0; 
2574; 0.00899; 0.0; 
2576; 0.01897; 0.0; 
2578; 0.0153; 0.0; 
2580; 0.00927; 0.0; 
2582; 0.01367; 0.0; 
2584; 0.03933; 0.0; 
2586; 0.07493; 0.0; 
2588; 0.05476; 0.0; 
2590; 0.02361; 0.0; 
2592; 0.01629; 0.0; 
2594; 0.02338; 0.0; 
2596; 0.03314; 0.0; 
2598; 0.02403; 0.0; 
2600; 0.01122; 0.0; 
2602; 0.00968; 0.0; 
2604; 0.01031; 0.0; 
2606; 0.01234; 0.0; 
2608; 0.0126; 0.0; 
2610; 0.01642; 0.0; 
2612; 0.01018; 0.0; 
2614; 0.00697; 0.0; 
2616; 0.01059; 0.0; 
2618; 0.01387; 0.0; 
2620; 0.01859; 0.0; 
2622; 0.01739; 0.0; 
2624; 0.01062; 0.0; 
2626; 0.01028; 0.0; 
2628; 0.01913; 0.0; 
2630; 0.0167; 0.0; 
2632; 0.00508; 0.0; 
2634; 0.00841; 0.0; 
2636; 0.00972; 0.0; 
2638; 0.01116; 0.0; 
2640; 0.01207; 0.0; 
2642; 0.01085; 0.0; 
2644; 0.00865; 0.0; 
2646; 0.02507; 0.0; 
2648; 0.02346; 0.0; 
2650; 0.02399; 0.0; 
2652; 0.03323; 0.0; 
2654; 0.02112; 0.0; 
2656; 0.01127; 0.0; 
2658; 0.01193; 0.0; 
2660; 0.01668; 0.0; 
2662; 0.0117; 0.0; 
2664; 0.01054; 0.0; 
2666; 0.01843; 0.0; 
2668; 0.022; 0.0; 
2670; 0.01637; 0.0; 
2672; 0.02781; 0.0; 
2674; 0.02706; 0.0; 
2676; 0.01854; 0.0; 
2678; 0.01386; 0.0; 
2680; 0.01365; 0.0; 
2682; 0.01474; 0.0; 
2684; 0.01069; 0.0; 
2686; 0.00778; 0.0; 
2688; 0.00448; 0.0; 
2690; 0.00802; 0.0; 
2692; 0.00559; 0.0; 
2694; 0.01135; 0.0; 
2696; 0.01483; 0.0; 
2698; 0.01458; 0.0; 
2700; 0.01423; 0.0; 
2702; 0.01303; 0.0; 
2704; 0.01149; 0.0; 
2706; 0.00319; 0.0; 
2708; 0.00923; 0.0; 
2710; 0.01671; 0.0; 
2712; 0.00885; 0.0; 
2714; 0.00987; 0.0; 
2716; 0.01359; 0.0; 
2718; 0.00593; 0.0; 
2720; 0.00732; 0.0; 
2722; 0.01373; 0.0; 
2724; 0.01681; 0.0; 
2726; 0.01476; 0.0; 
2728; 0.00735; 0.0; 
2730; 0.01905; 0.0; 
2732; 0.01679; 0.0; 
2734; 0.01308; 0.0; 
2736; 0.0128; 0.0; 
2738; 0.01488; 0.0; 
2740; 0.01264; 0.0; 
2742; 0.01598; 0.0; 
2744; 0.01391; 0.0; 
2746; 0.00652; 0.0; 
2748; 0.01052; 0.0; 
2750; 0.01263; 0.0; 
2752; 0.02216; 0.0; 
2754; 0.01255; 0.0; 
2756; 0.01518; 0.0; 
2758; 0.01793; 0.0; 
2760; 0.01468; 0.0; 
2762; 0.0193; 0.0; 
2764; 0.0149; 0.0; 
2766; 0.01395; 0.0; 
2768; 0.01542; 0.0; 
2770; 0.01494; 0.0; 
2772; 0.02106; 0.0; 
2774; 0.03221; 0.0; 
2776; 0.01848; 0.0; 
2778; 0.01401; 0.0; 
2780; 0.01782; 0.0; 
2782; 0.01556; 0.0; 
2784; 0.01059; 0.0; 
2786; 0.01946; 0.0; 
2788; 0.02713; 0.0; 
2790; 0.02384; 0.0; 
2792; 0.02697; 0.0; 
2794; 0.03936; 0.0; 
2796; 0.01423; 0.0; 
2798; 0.01622; 0.0; 
2800; 0.02272; 0.0; 
2802; 0.0268; 0.0; 
2804; 0.03051; 0.0; 
2806; 0.02692; 0.0; 
2808; 0.01325; 0.0; 
2810; 0.03143; 0.0; 
2812; 0.02715; 0.0; 
2814; 0.02514; 0.0; 
2816; 0.02566; 0.0; 
2818; 0.01686; 0.0; 
2820; 0.0296; 0.0; 
2822; 0.02993; 0.0; 
2824; 0.01725; 0.0; 
2826; 0.00751; 0.0; 
2828; 0.01312; 0.0; 
2830; 0.01425; 0.0; 
2832; 0.01591; 0.0; 
2834; 0.00839; 0.0; 
2836; 0.0508; 0.0; 
2838; 0.05036; 0.0; 
2840; 0.0255; 0.0; 
2842; 0.02354; 0.0; 
2844; 0.02518; 0.0; 
2846; 0.01976; 0.0; 
2848; 0.02751; 0.0; 
2850; 0.02414; 0.0; 
2852; 0.01699; 0.0; 
2854; 0.01793; 0.0; 
2856; 0.00642; 0.0; 
2858; 0.01828; 0.0; 
2860; 0.02846; 0.0; 
2862; 0.0249; 0.0; 
2864; 0.02046; 0.0; 
2866; 0.01455; 0.0; 
2868; 0.01145; 0.0; 
2870; 0.00579; 0.0; 
2872; 0.01833; 0.0; 
2874; 0.02572; 0.0; 
2876; 0.01312; 0.0; 
2878; 0.02661; 0.0; 
2880; 0.02085; 0.0; 
2882; 0.01418; 0.0; 
2884; 0.02207; 0.0; 
2886; 0.02449; 0.0; 
2888; 0.02703; 0.0; 
2890; 0.02546; 0.0; 
2892; 0.01041; 0.0; 
2894; 0.01257; 0.0; 
2896; 0.01665; 0.0; 
2898; 0.01209; 0.0; 
2900; 0.01287; 0.0; 
2902; 0.02221; 0.0; 
2904; 0.02322; 0.0; 
2906; 0.01625; 0.0; 
2908; 0.01887; 0.0; 
2910; 0.02361; 0.0; 
2912; 0.00774; 0.0; 
2914; 0.01404; 0.0; 
2916; 0.01816; 0.0; 
2918; 0.00998; 0.0; 
2920; 0.01571; 0.0; 
2922; 0.01115; 0.0; 
2924; 0.01348; 0.0; 
2926; 0.01559; 0.0; 
2928; 0.01303; 0.0; 
2930; 0.01321; 0.0; 
2932; 0.01245; 0.0; 
2934; 0.01862; 0.0; 
2936; 0.01967; 0.0; 
2938; 0.02512; 0.0; 
2940; 0.02681; 0.0; 
2942; 0.0237; 0.0; 
2944; 0.01778; 0.0; 
2946; 0.01495; 0.0; 
2948; 0.00379; 0.0; 
2950; 0.01368; 0.0; 
2952; 0.0116; 0.0; 
2954; 0.00764; 0.0; 
2956; 0.01407; 0.0; 
2958; 0.01279; 0.0; 
2960; 0.01863; 0.0; 
2962; 0.01177; 0.0; 
2964; 0.00482; 0.0; 
2966; 0.00502; 0.0; 
2968; 0.00588; 0.0; 
2970; 0.00584; 0.0; 
2972; 0.0106; 0.0; 
2974; 0.01045; 0.0; 
2976; 0.00712; 0.0; 
2978; 0.01055; 0.0; 
2980; 0.00637; 0.0; 
2982; 0.00692; 0.0; 
2984; 0.01243; 0.0; 
2986; 0.01374; 0.0; 
2988; 0.01696; 0.0; 
2990; 0.01691; 0.0; 
2992; 0.01572; 0.0; 
2994; 0.01468; 0.0; 
2996; 0.01284; 0.0; 
2998; 0.01124; 0.0; 
3000; 0.01816; 0.0; 
3002; 0.02112; 0.0; 
3004; 0.01755; 0.0; 
3006; 0.01052; 0.0; 
3008; 0.00804; 0.0; 
3010; 0.01372; 0.0; 
3012; 0.01165; 0.0; 
3014; 0.00498; 0.0; 
3016; 0.01507; 0.0; 
3018; 0.01186; 0.0; 
3020; 0.01731; 0.0; 
3022; 0.01599; 0.0; 
3024; 0.0087; 0.0; 
3026; 0.01459; 0.0; 
3028; 0.00687; 0.0; 
3030; 0.00589; 0.0; 
3032; 0.00825; 0.0; 
3034; 0.0063; 0.0; 
3036; 0.007; 0.0; 
3038; 0.01218; 0.0; 
3040; 0.00657; 0.0; 
3042; 0.01919; 0.0; 
3044; 0.03036; 0.0; 
3046; 0.02201; 0.0; 
3048; 0.00615; 0.0; 
3050; 0.00374; 0.0; 
3052; 0.0042; 0.0; 
3054; 0.00766; 0.0; 
3056; 0.01081; 0.0; 
3058; 0.01229; 0.0; 
3060; 0.00752; 0.0; 
3062; 0.00601; 0.0; 
3064; 0.01313; 0.0; 
3066; 0.01192; 0.0; 
3068; 0.00514; 0.0; 
3070; 0.00834; 0.0; 
3072; 0.00352; 0.0; 
3074; 0.00907; 0.0; 
3076; 0.00909; 0.0; 
3078; 0.00823; 0.0; 
3080; 0.0097; 0.0; 
3082; 0.00895; 0.0; 
3084; 0.00752; 0.0; 
3086; 0.01488; 0.0; 
3088; 0.01453; 0.0; 
3090; 0.0087; 0.0; 
3092; 0.00556; 0.0; 
3094; 0.00895; 0.0; 
3096; 0.01077; 0.0; 
3098; 0.01173; 0.0; 
3100; 0.01281; 0.0; 
3102; 0.01103; 0.0; 
3104; 0.00747; 0.0; 
3106; 0.00442; 0.0; 
3108; 0.00887; 0.0; 
3110; 0.00593; 0.0; 
3112; 0.00384; 0.0; 
3114; 0.01135; 0.0; 
3116; 0.01174; 0.0; 
3118; 0.00944; 0.0; 
3120; 0.00814; 0.0; 
3122; 0.00624; 0.0; 
3124; 0.00215; 0.0; 
3126; 0.01126; 0.0; 
3128; 0.00949; 0.0; 
3130; 0.0044; 0.0; 
3132; 0.00698; 0.0; 
3134; 0.00911; 0.0; 
3136; 0.00712; 0.0; 
3138; 0.00733; 0.0; 
3140; 0.01025; 0.0; 
3142; 0.01046; 0.0; 
3144; 0.00756; 0.0; 
3146; 0.00739; 0.0; 
3148; 0.00851; 0.0; 
3150; 0.00806; 0.0; 
3152; 0.01372; 0.0; 
3154; 0.01119; 0.0; 
3156; 0.00905; 0.0; 
3158; 0.00928; 0.0; 
3160; 0.00726; 0.0; 
3162; 0.00702; 0.0; 
3164; 0.00788; 0.0; 
3166; 0.01091; 0.0; 
3168; 0.01268; 0.0; 
3170; 0.01189; 0.0; 
3172; 0.00822; 0.0; 
3174; 0.00502; 0.0; 
3176; 0.00634; 0.0; 
3178; 0.00879; 0.0; 
3180; 0.00839; 0.0; 
3182; 0.01204; 0.0; 
3184; 0.01526; 0.0; 
3186; 0.00738; 0.0; 
3188; 0.00529; 0.0; 
3190; 0.00686; 0.0; 
3192; 0.00502; 0.0; 
3194; 0.00517; 0.0; 
3196; 0.00591; 0.0; 
3198; 0.00867; 0.0; 
3200; 0.00951; 0.0; 
3202; 0.01064; 0.0; 
3204; 0.0088; 0.0; 
3206; 0.00823; 0.0; 
3208; 0.0078; 0.0; 
3210; 0.02159; 0.0; 
3212; 0.02952; 0.0; 
3214; 0.01077; 0.0; 
3216; 0.00656; 0.0; 
3218; 0.00451; 0.0; 
3220; 0.00812; 0.0; 
3222; 0.01124; 0.0; 
3224; 0.01141; 0.0; 
3226; 0.00735; 0.0; 
3228; 0.00551; 0.0; 
3230; 0.00967; 0.0; 
3232; 0.0138; 0.0; 
3234; 0.00828; 0.0; 
3236; 0.00226; 0.0; 
3238; 0.00784; 0.0; 
3240; 0.00873; 0.0; 
3242; 0.00659; 0.0; 
3244; 0.00729; 0.0; 
3246; 0.00759; 0.0; 
3248; 0.01079; 0.0; 
3250; 0.00876; 0.0; 
3252; 0.01901; 0.0; 
3254; 0.01635; 0.0; 
3256; 0.01368; 0.0; 
3258; 0.01149; 0.0; 
3260; 0.01017; 0.0; 
3262; 0.00758; 0.0; 
3264; 0.01021; 0.0; 
3266; 0.00595; 0.0; 
3268; 0.00584; 0.0; 
3270; 0.00969; 0.0; 
3272; 0.01012; 0.0; 
3274; 0.00774; 0.0; 
3276; 0.0074; 0.0; 
3278; 0.00881; 0.0; 
3280; 0.00461; 0.0; 
3282; 0.01035; 0.0; 
3284; 0.01281; 0.0; 
3286; 0.00572; 0.0; 
3288; 0.00424; 0.0; 
3290; 0.00982; 0.0; 
3292; 0.00734; 0.0; 
3294; 0.00804; 0.0; 
3296; 0.00988; 0.0; 
3298; 0.0058; 0.0; 
3300; 0.00402; 0.0; 
3302; 0.0064; 0.0; 
3304; 0.00586; 0.0; 
3306; 0.00613; 0.0; 
3308; 0.00585; 0.0; 
3310; 0.00596; 0.0; 
3312; 0.00249; 0.0; 
3314; 0.00511; 0.0; 
3316; 0.00767; 0.0; 
3318; 0.0047; 0.0; 
3320; 0.01326; 0.0; 
3322; 0.01385; 0.0; 
3324; 0.0092; 0.0; 
3326; 0.00965; 0.0; 
3328; 0.00732; 0.0; 
3330; 0.00892; 0.0; 
3332; 0.00797; 0.0; 
3334; 0.00498; 0.0; 
3336; 0.00885; 0.0; 
3338; 0.00662; 0.0; 
3340; 0.00672; 0.0; 
3342; 0.01233; 0.0; 
3344; 0.01131; 0.0; 
3346; 0.00912; 0.0; 
3348; 0.00544; 0.0; 
3350; 0.00778; 0.0; 
3352; 0.00931; 0.0; 
3354; 0.00438; 0.0; 
3356; 0.00474; 0.0; 
3358; 0.0065; 0.0; 
3360; 0.00621; 0.0; 
3362; 0.00511; 0.0; 
3364; 0.00449; 0.0; 
3366; 0.00853; 0.0; 
3368; 0.00848; 0.0; 
3370; 0.00932; 0.0; 
3372; 0.01264; 0.0; 
3374; 0.01293; 0.0; 
3376; 0.00984; 0.0; 
3378; 0.01047; 0.0; 
3380; 0.00996; 0.0; 
3382; 0.0084; 0.0; 
3384; 0.00828; 0.0; 
3386; 0.0087; 0.0; 
3388; 0.00549; 0.0; 
3390; 0.01221; 0.0; 
3392; 0.00968; 0.0; 
3394; 0.01267; 0.0; 
3396; 0.00767; 0.0; 
3398; 0.00559; 0.0; 
3400; 0.00898; 0.0; 
3402; 0.00749; 0.0; 
3404; 0.006; 0.0; 
3406; 0.00966; 0.0; 
3408; 0.00851; 0.0; 
3410; 0.01077; 0.0; 
3412; 0.0118; 0.0; 
3414; 0.00971; 0.0; 
3416; 0.00804; 0.0; 
3418; 0.01328; 0.0; 
3420; 0.01643; 0.0; 
3422; 0.01294; 0.0; 
3424; 0.00645; 0.0; 
3426; 0.00842; 0.0; 
3428; 0.00842; 0.0; 
3430; 0.00854; 0.0; 
3432; 0.01023; 0.0; 
3434; 0.00881; 0.0; 
3436; 0.00489; 0.0; 
3438; 0.00592; 0.0; 
3440; 0.01029; 0.0; 
3442; 0.01116; 0.0; 
3444; 0.00678; 0.0; 
3446; 0.00805; 0.0; 
3448; 0.01359; 0.0; 
3450; 0.00895; 0.0; 
3452; 0.00859; 0.0; 
3454; 0.00222; 0.0; 
3456; 0.01149; 0.0; 
3458; 0.01117; 0.0; 
3460; 0.01171; 0.0; 
3462; 0.01322; 0.0; 
3464; 0.00554; 0.0; 
3466; 0.00492; 0.0; 
3468; 0.00273; 0.0; 
3470; 0.00602; 0.0; 
3472; 0.00828; 0.0; 
3474; 0.00863; 0.0; 
3476; 0.00655; 0.0; 
3478; 0.00655; 0.0; 
3480; 0.0044; 0.0; 
3482; 0.00349; 0.0; 
3484; 0.00496; 0.0; 
3486; 0.00445; 0.0; 
3488; 0.00417; 0.0; 
3490; 0.00472; 0.0; 
3492; 0.01125; 0.0; 
3494; 0.01165; 0.0; 
3496; 0.00653; 0.0; 
3498; 0.00311; 0.0; 
3500; 0.00341; 0.0; 
3502; 0.00201; 0.0; 
3504; 0.00617; 0.0; 
3506; 0.00821; 0.0; 
3508; 0.00471; 0.0; 
3510; 0.01659; 0.0; 
3512; 0.01519; 0.0; 
3514; 0.00573; 0.0; 
3516; 0.00536; 0.0; 
3518; 0.01045; 0.0; 
3520; 0.0118; 0.0; 
3522; 0.01432; 0.0; 
3524; 0.01002; 0.0; 
3526; 0.00582; 0.0; 
3528; 0.00909; 0.0; 
3530; 0.00671; 0.0; 
3532; 0.01083; 0.0; 
3534; 0.01156; 0.0; 
3536; 0.00941; 0.0; 
3538; 0.01137; 0.0; 
3540; 0.00776; 0.0; 
3542; 0.00553; 0.0; 
3544; 0.00849; 0.0; 
3546; 0.0104; 0.0; 
3548; 0.0121; 0.0; 
3550; 0.00977; 0.0; 
3552; 0.01096; 0.0; 
3554; 0.0128; 0.0; 
3556; 0.01111; 0.0; 
3558; 0.00664; 0.0; 
3560; 0.00204; 0.0; 
3562; 0.01057; 0.0; 
3564; 0.00744; 0.0; 
3566; 0.00567; 0.0; 
3568; 0.01464; 0.0; 
3570; 0.0131; 0.0; 
3572; 0.0082; 0.0; 
3574; 0.00618; 0.0; 
3576; 0.01088; 0.0; 
3578; 0.01134; 0.0; 
3580; 0.01097; 0.0; 
3582; 0.0104; 0.0; 
3584; 0.00967; 0.0; 
3586; 0.00909; 0.0; 
3588; 0.00835; 0.0; 
3590; 0.01269; 0.0; 
3592; 0.00536; 0.0; 
3594; 0.01213; 0.0; 
3596; 0.00738; 0.0; 
3598; 0.00554; 0.0; 
3600; 0.00731; 0.0; 
3602; 0.00255; 0.0; 
3604; 0.00814; 0.0; 
3606; 0.00712; 0.0; 
3608; 0.00654; 0.0; 
3610; 0.00933; 0.0; 
3612; 0.00846; 0.0; 
3614; 0.00488; 0.0; 
3616; 0.0044; 0.0; 
3618; 0.00568; 0.0; 
3620; 0.00736; 0.0; 
3622; 0.0059; 0.0; 
3624; 0.00728; 0.0; 
3626; 0.00798; 0.0; 
3628; 0.00637; 0.0; 
3630; 0.00277; 0.0; 
3632; 0.00438; 0.0; 
3634; 0.00345; 0.0; 
3636; 0.00767; 0.0; 
3638; 0.00824; 0.0; 
3640; 0.00689; 0.0; 
3642; 0.00198; 0.0; 
3644; 0.00169; 0.0; 
3646; 0.00423; 0.0; 
3648; 0.00523; 0.0; 
3650; 0.00367; 0.0; 
3652; 0.0045; 0.0; 
3654; 0.00466; 0.0; 
3656; 0.00243; 0.0; 
3658; 0.00253; 0.0; 
3660; 0.00458; 0.0; 
3662; 0.00657; 0.0; 
3664; 0.00513; 0.0; 
3666; 0.00362; 0.0; 
3668; 0.00702; 0.0; 
3670; 0.00905; 0.0; 
3672; 0.00505; 0.0; 
3674; 0.00626; 0.0; 
3676; 0.00431; 0.0; 
3678; 0.00344; 0.0; 
3680; 0.00161; 0.0; 
3682; 0.00366; 0.0; 
3684; 0.00395; 0.0; 
3686; 0.00568; 0.0; 
3688; 0.00411; 0.0; 
3690; 0.00444; 0.0; 
3692; 0.00628; 0.0; 
3694; 0.00479; 0.0; 
3696; 0.00121; 0.0; 
3698; 0.00136; 0.0; 
3700; 0.00233; 0.0; 
3702; 0.00325; 0.0; 
3704; 0.0046; 0.0; 
3706; 0.00666; 0.0; 
3708; 0.00501; 0.0; 
3710; 0.00164; 0.0; 
3712; 0.00433; 0.0; 
3714; 0.00581; 0.0; 
3716; 0.00496; 0.0; 
3718; 0.00589; 0.0; 
3720; 0.00701; 0.0; 
3722; 0.00604; 0.0; 
3724; 0.00606; 0.0; 
3726; 0.00347; 0.0; 
3728; 0.00479; 0.0; 
3730; 0.00488; 0.0; 
3732; 0.0046; 0.0; 
3734; 0.00606; 0.0; 
3736; 0.00388; 0.0; 
3738; 0.0048; 0.0; 
3740; 0.00388; 0.0; 
3742; 0.00676; 0.0; 
3744; 0.00546; 0.0; 
3746; 0.00397; 0.0; 
3748; 0.00229; 0.0; 
3750; 0.00806; 0.0; 
3752; 0.00626; 0.0; 
3754; 0.00208; 0.0; 
3756; 0.00487; 0.0; 
3758; 0.00718; 0.0; 
3760; 0.01197; 0.0; 
3762; 0.01022; 0.0; 
3764; 0.0084; 0.0; 
3766; 0.00727; 0.0; 
3768; 0.00341; 0.0; 
3770; 0.00476; 0.0; 
3772; 0.00583; 0.0; 
3774; 0.00407; 0.0; 
3776; 0.00465; 0.0; 
3778; 0.00336; 0.0; 
3780; 0.00626; 0.0; 
3782; 0.00316; 0.0; 
3784; 0.00448; 0.0; 
3786; 0.00837; 0.0; 
3788; 0.01126; 0.0; 
3790; 0.00685; 0.0; 
3792; 0.00603; 0.0; 
3794; 0.00769; 0.0; 
3796; 0.00828; 0.0; 
3798; 0.00614; 0.0; 
3800; 0.00554; 0.0; 
3802; 0.00389; 0.0; 
3804; 0.00504; 0.0; 
3806; 0.00618; 0.0; 
3808; 0.006; 0.0; 
3810; 0.00534; 0.0; 
3812; 0.00918; 0.0; 
3814; 0.01044; 0.0; 
3816; 0.00742; 0.0; 
3818; 0.00605; 0.0; 
3820; 0.00378; 0.0; 
3822; 0.0087; 0.0; 
3824; 0.00735; 0.0; 
3826; 0.00773; 0.0; 
3828; 0.00603; 0.0; 
3830; 0.00546; 0.0; 
3832; 0.00794; 0.0; 
3834; 0.0072; 0.0; 
3836; 0.01157; 0.0; 
3838; 0.01067; 0.0; 
3840; 0.01289; 0.0; 
3842; 0.01669; 0.0; 
3844; 0.00733; 0.0; 
3846; 0.00479; 0.0; 
3848; 0.00815; 0.0; 
3850; 0.01006; 0.0; 
3852; 0.00735; 0.0; 
3854; 0.00315; 0.0; 
3856; 0.00606; 0.0; 
3858; 0.00586; 0.0; 
3860; 0.00394; 0.0; 
3862; 0.01102; 0.0; 
3864; 0.01456; 0.0; 
3866; 0.00883; 0.0; 
3868; 0.01053; 0.0; 
3870; 0.00667; 0.0; 
3872; 0.00333; 0.0; 
3874; 0.00777; 0.0; 
3876; 0.01114; 0.0; 
3878; 0.00432; 0.0; 
3880; 0.0097; 0.0; 
3882; 0.0112; 0.0; 
3884; 0.01401; 0.0; 
3886; 0.00347; 0.0; 
3888; 0.00879; 0.0; 
3890; 0.0089; 0.0; 
3892; 0.01377; 0.0; 
3894; 0.00919; 0.0; 
3896; 0.01152; 0.0; 
3898; 0.00852; 0.0; 
3900; 0.02077; 0.0; 
3902; 0.02251; 0.0; 
3904; 0.00494; 0.0; 
3906; 0.00992; 0.0; 
3908; 0.00835; 0.0; 
3910; 0.00841; 0.0; 
3912; 0.00476; 0.0; 
3914; 0.00923; 0.0; 
3916; 0.01074; 0.0; 
3918; 0.01569; 0.0; 
3920; 0.01726; 0.0; 
3922; 0.01361; 0.0; 
3924; 0.012; 0.0; 
3926; 0.01123; 0.0; 
3928; 0.00687; 0.0; 
3930; 0.00822; 0.0; 
3932; 0.00936; 0.0; 
3934; 0.01061; 0.0; 
3936; 0.0099; 0.0; 
3938; 0.01139; 0.0; 
3940; 0.01249; 0.0; 
3942; 0.01137; 0.0; 
3944; 0.00834; 0.0; 
3946; 0.00763; 0.0; 
3948; 0.00991; 0.0; 
3950; 0.00901; 0.0; 
3952; 0.01004; 0.0; 
3954; 0.00911; 0.0; 
3956; 0.01094; 0.0; 
3958; 0.01418; 0.0; 
3960; 0.01562; 0.0; 
3962; 0.00893; 0.0; 
3964; 0.01167; 0.0; 
3966; 0.01125; 0.0; 
3968; 0.01164; 0.0; 
3970; 0.01052; 0.0; 
3972; 0.00823; 0.0; 
3974; 0.01202; 0.0; 
3976; 0.0131; 0.0; 
3978; 0.00716; 0.0; 
3980; 0.00836; 0.0; 
3982; 0.0084; 0.0; 
3984; 0.01308; 0.0; 
3986; 0.01239; 0.0; 
3988; 0.00675; 0.0; 
3990; 0.00482; 0.0; 
3992; 0.00107; 0.0; 
3994; 0.00462; 0.0; 
3996; 0.00632; 0.0; 
3998; 0.00591; 0.0; 
4000; 0.00796; 0.0; 
4002; 0.00906; 0.0; 
4004; 0.01534; 0.0; 
4006; 0.0158; 0.0; 
4008; 0.01491; 0.0; 
4010; 0.01351; 0.0; 
4012; 0.0102; 0.0; 
4014; 0.01037; 0.0; 
4016; 0.01123; 0.0; 
4018; 0.00796; 0.0; 
4020; 0.00504; 0.0; 
4022; 0.00853; 0.0; 
4024; 0.01082; 0.0; 
4026; 0.01108; 0.0; 
4028; 0.01107; 0.0; 
4030; 0.02182; 0.0; 
4032; 0.01934; 0.0; 
4034; 0.00785; 0.0; 
4036; 0.00701; 0.0; 
4038; 0.00956; 0.0; 
4040; 0.00666; 0.0; 
4042; 0.0121; 0.0; 
4044; 0.01514; 0.0; 
4046; 0.01959; 0.0; 
4048; 0.01073; 0.0; 
4050; 0.00858; 0.0; 
4052; 0.01528; 0.0; 
4054; 0.00922; 0.0; 
4056; 0.0079; 0.0; 
4058; 0.01002; 0.0; 
4060; 0.01011; 0.0; 
4062; 0.02366; 0.0; 
4064; 0.02282; 0.0; 
4066; 0.02591; 0.0; 
4068; 0.01608; 0.0; 
4070; 0.00828; 0.0; 
4072; 0.00416; 0.0; 
4074; 0.01344; 0.0; 
4076; 0.01925; 0.0; 
4078; 0.00909; 0.0; 
4080; 0.01278; 0.0; 
4082; 0.01428; 0.0; 
4084; 0.00937; 0.0; 
4086; 0.01907; 0.0; 
4088; 0.01934; 0.0; 
4090; 0.01425; 0.0; 
4092; 0.0082; 0.0; 
4094; 0.01034; 0.0; 
4096; 0.00903; 0.0; 
4098; 0.00697; 0.0; 
4100; 0.01395; 0.0; 
4102; 0.01166; 0.0; 
4104; 0.01139; 0.0; 
4106; 0.01558; 0.0; 
4108; 0.01388; 0.0; 
4110; 0.01215; 0.0; 
4112; 0.01192; 0.0; 
4114; 0.01082; 0.0; 
4116; 0.01318; 0.0; 
4118; 0.00606; 0.0; 
4120; 0.0154; 0.0; 
4122; 0.01151; 0.0; 
4124; 0.0102; 0.0; 
4126; 0.00574; 0.0; 
4128; 0.01032; 0.0; 
4130; 0.0111; 0.0; 
4132; 0.00791; 0.0; 
4134; 0.01324; 0.0; 
4136; 0.00561; 0.0; 
4138; 0.00614; 0.0; 
4140; 0.00637; 0.0; 
4142; 0.00624; 0.0; 
4144; 0.00449; 0.0; 
4146; 0.00411; 0.0; 
4148; 0.0047; 0.0; 
4150; 0.00741; 0.0; 
4152; 0.012; 0.0; 
4154; 0.00743; 0.0; 
4156; 0.00744; 0.0; 
4158; 0.00594; 0.0; 
4160; 0.00462; 0.0; 
4162; 0.00803; 0.0; 
4164; 0.00898; 0.0; 
4166; 0.00937; 0.0; 
4168; 0.00589; 0.0; 
4170; 0.00822; 0.0; 
4172; 0.00833; 0.0; 
4174; 0.00878; 0.0; 
4176; 0.00787; 0.0; 
4178; 0.00344; 0.0; 
4180; 0.00513; 0.0; 
4182; 0.00737; 0.0; 
4184; 0.00313; 0.0; 
4186; 0.00435; 0.0; 
4188; 0.00421; 0.0; 
4190; 0.00543; 0.0; 
4192; 0.00625; 0.0; 
4194; 0.0048; 0.0; 
4196; 0.00423; 0.0; 
4198; 0.00629; 0.0; 
4200; 0.0075; 0.0; 
4202; 0.00713; 0.0; 
4204; 0.00646; 0.0; 
4206; 0.00317; 0.0; 
4208; 0.00319; 0.0; 
4210; 0.00267; 0.0; 
4212; 0.00206; 0.0; 
4214; 0.00376; 0.0; 
4216; 0.00522; 0.0; 
4218; 0.00417; 0.0; 
4220; 0.00375; 0.0; 
4222; 0.00423; 0.0; 
4224; 0.00484; 0.0; 
4226; 0.00386; 0.0; 
4228; 0.00179; 0.0; 
4230; 0.00365; 0.0; 
4232; 0.00449; 0.0; 
4234; 0.0053; 0.0; 
4236; 0.00523; 0.0; 
4238; 0.0043; 0.0; 
4240; 0.00584; 0.0; 
4242; 0.00582; 0.0; 
4244; 0.00322; 0.0; 
4246; 0.00331; 0.0; 
4248; 0.00252; 0.0; 
4250; 0.00307; 0.0; 
4252; 0.00346; 0.0; 
4254; 0.00525; 0.0; 
4256; 0.00352; 0.0; 
4258; 0.00213; 0.0; 
4260; 0.00272; 0.0; 
4262; 0.00332; 0.0; 
4264; 0.0039; 0.0; 
4266; 0.00268; 0.0; 
4268; 0.00345; 0.0; 
4270; 0.00467; 0.0; 
4272; 0.00454; 0.0; 
4274; 0.00258; 0.0; 
4276; 0.00197; 0.0; 
4278; 0.00437; 0.0; 
4280; 0.00404; 0.0; 
4282; 0.00257; 0.0; 
4284; 0.00353; 0.0; 
4286; 0.00511; 0.0; 
4288; 0.00532; 0.0; 
4290; 0.00462; 0.0; 
4292; 0.0028; 0.0; 
4294; 0.00181; 0.0; 
4296; 0.00462; 0.0; 
4298; 0.00498; 0.0; 
4300; 0.00505; 0.0; 
4302; 0.00499; 0.0; 
4304; 0.00518; 0.0; 
4306; 0.00445; 0.0; 
4308; 0.00174; 0.0; 
4310; 0.00386; 0.0; 
4312; 0.0024; 0.0; 
4314; 0.00442; 0.0; 
4316; 0.00516; 0.0; 
4318; 0.00183; 0.0; 
4320; 0.00229; 0.0; 
4322; 0.00383; 0.0; 
4324; 0.00361; 0.0; 
4326; 0.00065; 0.0; 
4328; 0.00192; 0.0; 
4330; 0.00308; 0.0; 
4332; 0.00475; 0.0; 
4334; 0.00334; 0.0; 
4336; 0.00379; 0.0; 
4338; 0.00499; 0.0; 
4340; 0.00356; 0.0; 
4342; 0.00428; 0.0; 
4344; 0.00429; 0.0; 
4346; 0.00319; 0.0; 
4348; 0.00223; 0.0; 
4350; 0.00321; 0.0; 
4352; 0.00356; 0.0; 
4354; 0.00375; 0.0; 
4356; 0.00427; 0.0; 
4358; 0.00424; 0.0; 
4360; 0.0035; 0.0; 
4362; 0.00484; 0.0; 
4364; 0.00527; 0.0; 
4366; 0.00382; 0.0; 
4368; 0.00317; 0.0; 
4370; 0.00385; 0.0; 
4372; 0.00349; 0.0; 
4374; 0.00128; 0.0; 
4376; 0.00393; 0.0; 
4378; 0.00523; 0.0; 
4380; 0.00538; 0.0; 
4382; 0.00427; 0.0; 
4384; 0.00445; 0.0; 
4386; 0.00524; 0.0; 
4388; 0.00397; 0.0; 
4390; 0.00322; 0.0; 
4392; 0.00478; 0.0; 
4394; 0.00628; 0.0; 
4396; 0.00404; 0.0; 
4398; 0.0022; 0.0; 
4400; 0.00432; 0.0; 
4402; 0.00397; 0.0; 
4404; 0.00583; 0.0; 
4406; 0.00455; 0.0; 
4408; 0.0035; 0.0; 
4410; 0.00353; 0.0; 
4412; 0.00846; 0.0; 
4414; 0.01224; 0.0; 
4416; 0.00869; 0.0; 
4418; 0.00653; 0.0; 
4420; 0.00872; 0.0; 
4422; 0.00421; 0.0; 
4424; 0.00244; 0.0; 
4426; 0.00842; 0.0; 
4428; 0.0086; 0.0; 
4430; 0.00348; 0.0; 
4432; 0.00371; 0.0; 
4434; 0.00377; 0.0; 
4436; 0.00505; 0.0; 
4438; 0.007; 0.0; 
4440; 0.009; 0.0; 
4442; 0.00495; 0.0; 
4444; 0.00284; 0.0; 
4446; 0.00646; 0.0; 
4448; 0.00658; 0.0; 
4450; 0.00616; 0.0; 
4452; 0.00361; 0.0; 
4454; 0.0058; 0.0; 
4456; 0.00429; 0.0; 
4458; 0.00398; 0.0; 
4460; 0.00795; 0.0; 
4462; 0.00719; 0.0; 
4464; 0.00875; 0.0; 
4466; 0.00875; 0.0; 
4468; 0.00381; 0.0; 
4470; 0.00565; 0.0; 
4472; 0.0055; 0.0; 
4474; 0.00486; 0.0; 
4476; 0.00624; 0.0; 
4478; 0.0038; 0.0; 
4480; 0.00702; 0.0; 
4482; 0.00698; 0.0; 
4484; 0.00351; 0.0; 
4486; 0.00535; 0.0; 
4488; 0.00961; 0.0; 
4490; 0.00851; 0.0; 
4492; 0.00744; 0.0; 
4494; 0.0105; 0.0; 
4496; 0.01199; 0.0; 
4498; 0.01234; 0.0; 
4500; 0.00733; 0.0; 
4502; 0.00715; 0.0; 
4504; 0.00715; 0.0; 
4506; 0.00655; 0.0; 
4508; 0.00646; 0.0; 
4510; 0.00553; 0.0; 
4512; 0.00556; 0.0; 
4514; 0.00509; 0.0; 
4516; 0.00623; 0.0; 
4518; 0.0075; 0.0; 
4520; 0.0023; 0.0; 
4522; 0.00496; 0.0; 
4524; 0.00756; 0.0; 
4526; 0.00806; 0.0; 
4528; 0.0046; 0.0; 
4530; 0.00426; 0.0; 
4532; 0.00188; 0.0; 
4534; 0.0045; 0.0; 
4536; 0.00638; 0.0; 
4538; 0.0069; 0.0; 
4540; 0.00537; 0.0; 
4542; 0.00456; 0.0; 
4544; 0.00573; 0.0; 
4546; 0.00707; 0.0; 
4548; 0.00555; 0.0; 
4550; 0.00374; 0.0; 
4552; 0.00464; 0.0; 
4554; 0.00414; 0.0; 
4556; 0.00441; 0.0; 
4558; 0.00622; 0.0; 
4560; 0.00648; 0.0; 
4562; 0.00838; 0.0; 
4564; 0.00896; 0.0; 
4566; 0.00827; 0.0; 
4568; 0.00836; 0.0; 
4570; 0.00224; 0.0; 
4572; 0.00611; 0.0; 
4574; 0.00436; 0.0; 
4576; 0.00733; 0.0; 
4578; 0.00458; 0.0; 
4580; 0.00602; 0.0; 
4582; 0.00445; 0.0; 
4584; 0.00739; 0.0; 
4586; 0.00842; 0.0; 
4588; 0.00751; 0.0; 
4590; 0.0063; 0.0; 
4592; 0.00486; 0.0; 
4594; 0.00159; 0.0; 
4596; 0.00412; 0.0; 
4598; 0.0075; 0.0; 
4600; 0.00745; 0.0; 
4602; 0.00919; 0.0; 
4604; 0.0078; 0.0; 
4606; 0.00414; 0.0; 
4608; 0.00376; 0.0; 
4610; 0.00433; 0.0; 
4612; 0.0051; 0.0; 
4614; 0.00367; 0.0; 
4616; 0.00488; 0.0; 
4618; 0.00537; 0.0; 
4620; 0.0034; 0.0; 
4622; 0.00399; 0.0; 
4624; 0.00436; 0.0; 
4626; 0.00456; 0.0; 
4628; 0.00531; 0.0; 
4630; 0.00401; 0.0; 
4632; 0.0028; 0.0; 
4634; 0.00689; 0.0; 
4636; 0.00612; 0.0; 
4638; 0.0082; 0.0; 
4640; 0.00968; 0.0; 
4642; 0.00613; 0.0; 
4644; 0.00514; 0.0; 
4646; 0.00421; 0.0; 
4648; 0.00291; 0.0; 
4650; 0.00423; 0.0; 
4652; 0.00319; 0.0; 
4654; 0.00471; 0.0; 
4656; 0.00607; 0.0; 
4658; 0.00398; 0.0; 
4660; 0.00334; 0.0; 
4662; 0.00419; 0.0; 
4664; 0.00144; 0.0; 
4666; 0.00406; 0.0; 
4668; 0.00473; 0.0; 
4670; 0.00349; 0.0; 
4672; 0.0028; 0.0; 
4674; 0.00259; 0.0; 
4676; 0.00211; 0.0; 
4678; 0.00303; 0.0; 
4680; 0.00333; 0.0; 
4682; 0.0058; 0.0; 
4684; 0.00649; 0.0; 
4686; 0.00618; 0.0; 
4688; 0.00488; 0.0; 
4690; 0.00337; 0.0; 
4692; 0.00463; 0.0; 
4694; 0.00321; 0.0; 
4696; 0.0015; 0.0; 
4698; 0.00178; 0.0; 
4700; 0.00502; 0.0; 
4702; 0.00714; 0.0; 
4704; 0.00603; 0.0; 
4706; 0.00356; 0.0; 
4708; 0.00332; 0.0; 
4710; 0.00403; 0.0; 
4712; 0.00619; 0.0; 
4714; 0.00483; 0.0; 
4716; 0.0046; 0.0; 
4718; 0.00612; 0.0; 
4720; 0.00631; 0.0; 
4722; 0.00633; 0.0; 
4724; 0.00727; 0.0; 
4726; 0.006; 0.0; 
4728; 0.00424; 0.0; 
4730; 0.00456; 0.0; 
4732; 0.00481; 0.0; 
4734; 0.00319; 0.0; 
4736; 0.00281; 0.0; 
4738; 0.00345; 0.0; 
4740; 0.00247; 0.0; 
4742; 0.00679; 0.0; 
4744; 0.0083; 0.0; 
4746; 0.00467; 0.0; 
4748; 0.00447; 0.0; 
4750; 0.00598; 0.0; 
4752; 0.00591; 0.0; 
4754; 0.00607; 0.0; 
4756; 0.00464; 0.0; 
4758; 0.0019; 0.0; 
4760; 0.00154; 0.0; 
4762; 0.00211; 0.0; 
4764; 0.00403; 0.0; 
4766; 0.00281; 0.0; 
4768; 0.00296; 0.0; 
4770; 0.00223; 0.0; 
4772; 0.00521; 0.0; 
4774; 0.00497; 0.0; 
4776; 0.00099; 0.0; 
4778; 0.00198; 0.0; 
4780; 0.00234; 0.0; 
4782; 0.00309; 0.0; 
4784; 0.00193; 0.0; 
4786; 0.0015; 0.0; 
4788; 0.00234; 0.0; 
4790; 0.00324; 0.0; 
4792; 0.0034; 0.0; 
4794; 0.00578; 0.0; 
4796; 0.00518; 0.0; 
4798; 0.00652; 0.0; 
4800; 0.00646; 0.0; 
4802; 0.00349; 0.0; 
4804; 0.00277; 0.0; 
4806; 0.00389; 0.0; 
4808; 0.00221; 0.0; 
4810; 0.0027; 0.0; 
4812; 0.00473; 0.0; 
4814; 0.00584; 0.0; 
4816; 0.00486; 0.0; 
4818; 0.00215; 0.0; 
4820; 0.00122; 0.0; 
4822; 0.0011; 0.0; 
4824; 0.00131; 0.0; 
4826; 0.00336; 0.0; 
4828; 0.00203; 0.0; 
4830; 0.00156; 0.0; 
4832; 0.00279; 0.0; 
4834; 0.00241; 0.0; 
4836; 0.00357; 0.0; 
4838; 0.0043; 0.0; 
4840; 0.00244; 0.0; 
4842; 0.00247; 0.0; 
4844; 0.00542; 0.0; 
4846; 0.00682; 0.0; 
4848; 0.0039; 0.0; 
4850; 0.00442; 0.0; 
4852; 0.00331; 0.0; 
4854; 0.00348; 0.0; 
4856; 0.00419; 0.0; 
4858; 0.00319; 0.0; 
4860; 0.00381; 0.0; 
4862; 0.00528; 0.0; 
4864; 0.00698; 0.0; 
4866; 0.00577; 0.0; 
4868; 0.0041; 0.0; 
4870; 0.00562; 0.0; 
4872; 0.00407; 0.0; 
4874; 0.00388; 0.0; 
4876; 0.0035; 0.0; 
4878; 0.00278; 0.0; 
4880; 0.00321; 0.0; 
4882; 0.00338; 0.0; 
4884; 0.00348; 0.0; 
4886; 0.00321; 0.0; 
4888; 0.00301; 0.0; 
4890; 0.00535; 0.0; 
4892; 0.0069; 0.0; 
4894; 0.0054; 0.0; 
4896; 0.00521; 0.0; 
4898; 0.00215; 0.0; 
4900; 0.00389; 0.0; 
4902; 0.00339; 0.0; 
4904; 0.00334; 0.0; 
4906; 0.00756; 0.0; 
4908; 0.00618; 0.0; 
4910; 0.00192; 0.0; 
4912; 0.00204; 0.0; 
4914; 0.0046; 0.0; 
4916; 0.0044; 0.0; 
4918; 0.00154; 0.0; 
4920; 0.00633; 0.0; 
4922; 0.00736; 0.0; 
4924; 0.00268; 0.0; 
4926; 0.00191; 0.0; 
4928; 0.00309; 0.0; 
4930; 0.00603; 0.0; 
4932; 0.00345; 0.0; 
4934; 0.00483; 0.0; 
4936; 0.00279; 0.0; 
4938; 0.00207; 0.0; 
4940; 0.00309; 0.0; 
4942; 0.00373; 0.0; 
4944; 0.0043; 0.0; 
4946; 0.00426; 0.0; 
4948; 0.00246; 0.0; 
4950; 0.00339; 0.0; 
4952; 0.00337; 0.0; 
4954; 0.00307; 0.0; 
4956; 0.00327; 0.0; 
4958; 0.00226; 0.0; 
4960; 0.00319; 0.0; 
4962; 0.00231; 0.0; 
4964; 0.00317; 0.0; 
4966; 0.00416; 0.0; 
4968; 0.00395; 0.0; 
4970; 0.00338; 0.0; 
4972; 0.00279; 0.0; 
4974; 0.00302; 0.0; 
4976; 0.00404; 0.0; 
4978; 0.00274; 0.0; 
4980; 0.00163; 0.0; 
4982; 0.00192; 0.0; 
4984; 0.00314; 0.0; 
4986; 0.00366; 0.0; 
4988; 0.00228; 0.0; 
4990; 0.00159; 0.0; 
4992; 0.00161; 0.0; 
4994; 0.00221; 0.0; 
4996; 0.00276; 0.0; 
4998; 0.00263; 0.0; 
5000; 0.00352; 0.0; 
5002; 0.00345; 0.0; 
5004; 0.00179; 0.0; 
5006; 0.00076; 0.0; 
5008; 0.00214; 0.0; 
5010; 0.00409; 0.0; 
5012; 0.00439; 0.0; 
5014; 0.00313; 0.0; 
5016; 0.00133; 0.0; 
5018; 0.00127; 0.0; 
5020; 0.00245; 0.0; 
5022; 0.00351; 0.0; 
5024; 0.00333; 0.0; 
5026; 0.00347; 0.0; 
5028; 0.00272; 0.0; 
5030; 0.00125; 0.0; 
5032; 0.00177; 0.0; 
5034; 0.00159; 0.0; 
5036; 0.00131; 0.0; 
5038; 0.00178; 0.0; 
5040; 0.00188; 0.0; 
5042; 0.00247; 0.0; 
5044; 0.00189; 0.0; 
5046; 0.00328; 0.0; 
5048; 0.00237; 0.0; 
5050; 0.0017; 0.0; 
5052; 0.00148; 0.0; 
5054; 0.0013; 0.0; 
5056; 0.00156; 0.0; 
5058; 0.00168; 0.0; 
5060; 0.00217; 0.0; 
5062; 0.00171; 0.0; 
5064; 0.00206; 0.0; 
5066; 0.00228; 0.0; 
5068; 0.00202; 0.0; 
5070; 0.0025; 0.0; 
5072; 0.00162; 0.0; 
5074; 0.00124; 0.0; 
5076; 0.00128; 0.0; 
5078; 0.00241; 0.0; 
5080; 0.00366; 0.0; 
5082; 0.00337; 0.0; 
5084; 0.00313; 0.0; 
5086; 0.00299; 0.0; 
5088; 0.00243; 0.0; 
5090; 0.00161; 0.0; 
5092; 0.00234; 0.0; 
5094; 0.00253; 0.0; 
5096; 0.00187; 0.0; 
5098; 0.00187; 0.0; 
5100; 0.00275; 0.0; 
5102; 0.00259; 0.0; 
5104; 0.00376; 0.0; 
5106; 0.00279; 0.0; 
5108; 0.00407; 0.0; 
5110; 0.00323; 0.0; 
5112; 0.00223; 0.0; 
5114; 0.00102; 0.0; 
5116; 0.00242; 0.0; 
5118; 0.00337; 0.0; 
5120; 0.00241; 0.0; 
5122; 0.00123; 0.0; 
5124; 0.00116; 0.0; 
5126; 0.00174; 0.0; 
5128; 0.00347; 0.0; 
5130; 0.00258; 0.0; 
5132; 0.00193; 0.0; 
5134; 0.00233; 0.0; 
5136; 0.00461; 0.0; 
5138; 0.00382; 0.0; 
5140; 0.00185; 0.0; 
5142; 0.00166; 0.0; 
5144; 0.002; 0.0; 
5146; 0.00128; 0.0; 
5148; 0.00245; 0.0; 
5150; 0.0038; 0.0; 
5152; 0.0031; 0.0; 
5154; 0.00295; 0.0; 
5156; 0.00218; 0.0; 
5158; 0.0007; 0.0; 
5160; 0.00162; 0.0; 
5162; 0.00175; 0.0; 
5164; 0.00275; 0.0; 
5166; 0.00458; 0.0; 
5168; 0.00397; 0.0; 
5170; 0.00323; 0.0; 
5172; 0.00321; 0.0; 
5174; 0.00189; 0.0; 
5176; 0.0017; 0.0; 
5178; 0.0013; 0.0; 
5180; 0.00161; 0.0; 
5182; 0.00258; 0.0; 
5184; 0.00336; 0.0; 
5186; 0.00174; 0.0; 
5188; 0.00194; 0.0; 
5190; 0.00246; 0.0; 
5192; 0.00207; 0.0; 
5194; 0.00057; 0.0; 
5196; 0.00182; 0.0; 
5198; 0.00304; 0.0; 
5200; 0.00355; 0.0; 
5202; 0.00111; 0.0; 
5204; 0.00265; 0.0; 
5206; 0.00401; 0.0; 
5208; 0.00285; 0.0; 
5210; 0.00158; 0.0; 
5212; 0.00302; 0.0; 
5214; 0.0041; 0.0; 
5216; 0.00297; 0.0; 
5218; 0.0021; 0.0; 
5220; 0.00124; 0.0; 
5222; 0.00178; 0.0; 
5224; 0.00221; 0.0; 
5226; 0.00244; 0.0; 
5228; 0.00326; 0.0; 
5230; 0.00293; 0.0; 
5232; 0.00218; 0.0; 
5234; 0.00166; 0.0; 
5236; 0.00203; 0.0; 
5238; 0.00345; 0.0; 
5240; 0.00322; 0.0; 
5242; 0.00167; 0.0; 
5244; 0.0019; 0.0; 
5246; 0.00236; 0.0; 
5248; 0.0019; 0.0; 
5250; 0.0016; 0.0; 
5252; 0.00129; 0.0; 
5254; 0.00246; 0.0; 
5256; 0.00251; 0.0; 
5258; 0.00139; 0.0; 
5260; 0.00258; 0.0; 
5262; 0.00247; 0.0; 
5264; 0.00203; 0.0; 
5266; 0.00254; 0.0; 
5268; 0.00334; 0.0; 
5270; 0.00434; 0.0; 
5272; 0.00233; 0.0; 
5274; 0.00146; 0.0; 
5276; 0.00232; 0.0; 
5278; 0.00182; 0.0; 
5280; 0.00127; 0.0; 
5282; 0.00237; 0.0; 
5284; 0.00261; 0.0; 
5286; 0.00229; 0.0; 
5288; 0.00197; 0.0; 
5290; 0.0017; 0.0; 
5292; 0.00151; 0.0; 
5294; 0.00259; 0.0; 
5296; 0.00462; 0.0; 
5298; 0.00334; 0.0; 
5300; 0.00266; 0.0; 
5302; 0.00395; 0.0; 
5304; 0.00437; 0.0; 
5306; 0.00234; 0.0; 
5308; 0.00333; 0.0; 
5310; 0.00376; 0.0; 
5312; 0.00254; 0.0; 
5314; 0.00256; 0.0; 
5316; 0.00293; 0.0; 
5318; 0.00316; 0.0; 
5320; 0.0029; 0.0; 
5322; 0.00263; 0.0; 
5324; 0.00279; 0.0; 
5326; 0.00455; 0.0; 
5328; 0.00296; 0.0; 
5330; 0.00291; 0.0; 
5332; 0.00161; 0.0; 
5334; 0.00322; 0.0; 
5336; 0.00659; 0.0; 
5338; 0.00503; 0.0; 
5340; 0.00217; 0.0; 
5342; 0.00297; 0.0; 
5344; 0.00346; 0.0; 
5346; 0.00336; 0.0; 
5348; 0.00171; 0.0; 
5350; 0.00158; 0.0; 
5352; 0.00235; 0.0; 
5354; 0.00195; 0.0; 
5356; 0.00243; 0.0; 
5358; 0.00471; 0.0; 
5360; 0.00527; 0.0; 
5362; 0.00503; 0.0; 
5364; 0.00525; 0.0; 
5366; 0.00568; 0.0; 
5368; 0.00556; 0.0; 
5370; 0.00401; 0.0; 
5372; 0.00209; 0.0; 
5374; 0.00278; 0.0; 
5376; 0.00593; 0.0; 
5378; 0.00451; 0.0; 
5380; 0.00327; 0.0; 
5382; 0.00496; 0.0; 
5384; 0.00411; 0.0; 
5386; 0.00218; 0.0; 
5388; 0.00233; 0.0; 
5390; 0.00376; 0.0; 
5392; 0.0042; 0.0; 
5394; 0.00406; 0.0; 
5396; 0.00416; 0.0; 
5398; 0.00447; 0.0; 
5400; 0.00274; 0.0; 
5402; 0.00138; 0.0; 
5404; 0.00314; 0.0; 
5406; 0.00399; 0.0; 
5408; 0.00287; 0.0; 
5410; 0.00328; 0.0; 
5412; 0.0025; 0.0; 
5414; 0.00236; 0.0; 
5416; 0.00303; 0.0; 
5418; 0.00289; 0.0; 
5420; 0.00209; 0.0; 
5422; 0.00429; 0.0; 
5424; 0.00345; 0.0; 
5426; 0.00366; 0.0; 
5428; 0.0033; 0.0; 
5430; 0.00261; 0.0; 
5432; 0.00209; 0.0; 
5434; 0.0017; 0.0; 
5436; 0.00269; 0.0; 
5438; 0.00386; 0.0; 
5440; 0.00296; 0.0; 
5442; 0.0028; 0.0; 
5444; 0.00308; 0.0; 
5446; 0.00185; 0.0; 
5448; 0.00234; 0.0; 
5450; 0.00332; 0.0; 
5452; 0.00376; 0.0; 
5454; 0.00241; 0.0; 
5456; 0.00265; 0.0; 
5458; 0.00286; 0.0; 
5460; 0.00271; 0.0; 
5462; 0.00371; 0.0; 
5464; 0.00357; 0.0; 
5466; 0.00132; 0.0; 
5468; 0.00283; 0.0; 
5470; 0.00079; 0.0; 
5472; 0.00241; 0.0; 
5474; 0.00296; 0.0; 
5476; 0.00347; 0.0; 
5478; 0.00811; 0.0; 
5480; 0.00603; 0.0; 
5482; 0.00273; 0.0; 
5484; 0.00475; 0.0; 
5486; 0.0042; 0.0; 
5488; 0.00297; 0.0; 
5490; 0.00459; 0.0; 
5492; 0.00578; 0.0; 
5494; 0.0036; 0.0; 
5496; 0.00185; 0.0; 
5498; 0.00217; 0.0; 
5500; 0.00322; 0.0; 
5502; 0.00383; 0.0; 
5504; 0.00435; 0.0; 
5506; 0.00345; 0.0; 
5508; 0.00428; 0.0; 
5510; 0.00293; 0.0; 
5512; 0.00386; 0.0; 
5514; 0.00429; 0.0; 
5516; 0.00107; 0.0; 
5518; 0.00177; 0.0; 
5520; 0.00181; 0.0; 
5522; 0.00184; 0.0; 
5524; 0.00156; 0.0; 
5526; 0.00092; 0.0; 
5528; 0.00245; 0.0; 
5530; 0.00383; 0.0; 
5532; 0.00208; 0.0; 
5534; 0.00298; 0.0; 
5536; 0.00469; 0.0; 
5538; 0.00415; 0.0; 
5540; 0.00494; 0.0; 
5542; 0.00628; 0.0; 
5544; 0.00485; 0.0; 
5546; 0.00363; 0.0; 
5548; 0.00265; 0.0; 
5550; 0.0036; 0.0; 
5552; 0.00322; 0.0; 
5554; 0.00286; 0.0; 
5556; 0.00569; 0.0; 
5558; 0.0042; 0.0; 
5560; 0.00324; 0.0; 
5562; 0.00167; 0.0; 
5564; 0.00122; 0.0; 
5566; 0.00186; 0.0; 
5568; 0.00433; 0.0; 
5570; 0.00344; 0.0; 
5572; 0.00266; 0.0; 
5574; 0.00349; 0.0; 
5576; 0.00235; 0.0; 
5578; 0.00041; 0.0; 
5580; 0.0014; 0.0; 
5582; 0.00271; 0.0; 
5584; 0.00287; 0.0; 
5586; 0.00172; 0.0; 
5588; 0.00077; 0.0; 
5590; 0.00154; 0.0; 
5592; 0.00435; 0.0; 
5594; 0.00419; 0.0; 
5596; 0.00359; 0.0; 
5598; 0.00497; 0.0; 
5600; 0.00322; 0.0; 
5602; 0.00279; 0.0; 
5604; 0.00307; 0.0; 
5606; 0.00339; 0.0; 
5608; 0.00298; 0.0; 
5610; 0.00369; 0.0; 
5612; 0.004; 0.0; 
5614; 0.00184; 0.0; 
5616; 0.00117; 0.0; 
5618; 0.00117; 0.0; 
5620; 0.00283; 0.0; 
5622; 0.00266; 0.0; 
5624; 0.00311; 0.0; 
5626; 0.00438; 0.0; 
5628; 0.00492; 0.0; 
5630; 0.00279; 0.0; 
5632; 0.00218; 0.0; 
5634; 0.00156; 0.0; 
5636; 0.0032; 0.0; 
5638; 0.00163; 0.0; 
5640; 0.00094; 0.0; 
5642; 0.00329; 0.0; 
5644; 0.0035; 0.0; 
5646; 0.00352; 0.0; 
5648; 0.00251; 0.0; 
5650; 0.00074; 0.0; 
5652; 0.00151; 0.0; 
5654; 0.00248; 0.0; 
5656; 0.00234; 0.0; 
5658; 0.00252; 0.0; 
5660; 0.00204; 0.0; 
5662; 0.00262; 0.0; 
5664; 0.00254; 0.0; 
5666; 0.00338; 0.0; 
5668; 0.00345; 0.0; 
5670; 0.00315; 0.0; 
5672; 0.0025; 0.0; 
5674; 0.00269; 0.0; 
5676; 0.00223; 0.0; 
5678; 0.00321; 0.0; 
5680; 0.00349; 0.0; 
5682; 0.00285; 0.0; 
5684; 0.00189; 0.0; 
5686; 0.00226; 0.0; 
5688; 0.00198; 0.0; 
5690; 0.00231; 0.0; 
5692; 0.00186; 0.0; 
5694; 0.00221; 0.0; 
5696; 0.00259; 0.0; 
5698; 0.00198; 0.0; 
5700; 0.00181; 0.0; 
5702; 0.00261; 0.0; 
5704; 0.00409; 0.0; 
5706; 0.00519; 0.0; 
5708; 0.00598; 0.0; 
5710; 0.00453; 0.0; 
5712; 0.00347; 0.0; 
5714; 0.00391; 0.0; 
5716; 0.00282; 0.0; 
5718; 0.00263; 0.0; 
5720; 0.00311; 0.0; 
5722; 0.00236; 0.0; 
5724; 0.00186; 0.0; 
5726; 0.00101; 0.0; 
5728; 0.00104; 0.0; 
5730; 0.00133; 0.0; 
5732; 0.00285; 0.0; 
5734; 0.00244; 0.0; 
5736; 0.00139; 0.0; 
5738; 0.00109; 0.0; 
5740; 0.00232; 0.0; 
5742; 0.00255; 0.0; 
5744; 0.0027; 0.0; 
5746; 0.00254; 0.0; 
5748; 0.0023; 0.0; 
5750; 0.00258; 0.0; 
5752; 0.00145; 0.0; 
5754; 0.0019; 0.0; 
5756; 0.00192; 0.0; 
5758; 0.00132; 0.0; 
5760; 0.00194; 0.0; 
5762; 0.00308; 0.0; 
5764; 0.00203; 0.0; 
5766; 0.00274; 0.0; 
5768; 0.00232; 0.0; 
5770; 0.00208; 0.0; 
5772; 0.00348; 0.0; 
5774; 0.00383; 0.0; 
5776; 0.00338; 0.0; 
5778; 0.00235; 0.0; 
5780; 0.00247; 0.0; 
5782; 0.00267; 0.0; 
5784; 0.00118; 0.0; 
5786; 0.00216; 0.0; 
5788; 0.00419; 0.0; 
5790; 0.00343; 0.0; 
5792; 0.00083; 0.0; 
5794; 0.00312; 0.0; 
5796; 0.00293; 0.0; 
5798; 0.00161; 0.0; 
5800; 0.00274; 0.0; 
5802; 0.00243; 0.0; 
5804; 0.00251; 0.0; 
5806; 0.00265; 0.0; 
5808; 0.00155; 0.0; 
5810; 0.001; 0.0; 
5812; 0.00164; 0.0; 
5814; 0.00201; 0.0; 
5816; 0.00296; 0.0; 
5818; 0.00265; 0.0; 
5820; 0.00286; 0.0; 
5822; 0.00257; 0.0; 
5824; 0.0012; 0.0; 
5826; 0.00112; 0.0; 
5828; 0.00176; 0.0; 
5830; 0.00229; 0.0; 
5832; 0.00294; 0.0; 
5834; 0.00267; 0.0; 
5836; 0.00127; 0.0; 
5838; 0.00185; 0.0; 
5840; 0.00301; 0.0; 
5842; 0.00306; 0.0; 
5844; 0.00231; 0.0; 
5846; 0.00205; 0.0; 
5848; 0.00127; 0.0; 
5850; 0.0009; 0.0; 
5852; 0.00086; 0.0; 
5854; 0.00074; 0.0; 
5856; 0.00117; 0.0; 
5858; 0.00118; 0.0; 
5860; 0.00088; 0.0; 
5862; 0.00187; 0.0; 
5864; 0.00208; 0.0; 
5866; 0.00139; 0.0; 
5868; 0.00153; 0.0; 
5870; 0.00151; 0.0; 
5872; 0.00156; 0.0; 
5874; 0.00174; 0.0; 
5876; 0.00251; 0.0; 
5878; 0.0016; 0.0; 
5880; 0.00307; 0.0; 
5882; 0.00201; 0.0; 
5884; 0.00097; 0.0; 
5886; 0.00115; 0.0; 
5888; 0.00101; 0.0; 
5890; 0.00147; 0.0; 
5892; 0.00115; 0.0; 
5894; 0.0019; 0.0; 
5896; 0.00083; 0.0; 
5898; 0.00142; 0.0; 
5900; 0.00101; 0.0; 
5902; 0.0028; 0.0; 
5904; 0.00322; 0.0; 
5906; 0.00273; 0.0; 
5908; 0.00277; 0.0; 
5910; 0.00225; 0.0; 
5912; 0.0025; 0.0; 
5914; 0.00233; 0.0; 
5916; 0.00179; 0.0; 
5918; 0.00109; 0.0; 
5920; 0.00163; 0.0; 
5922; 0.00155; 0.0; 
5924; 0.00124; 0.0; 
5926; 0.00169; 0.0; 
5928; 0.00146; 0.0; 
5930; 0.00174; 0.0; 
5932; 0.00163; 0.0; 
5934; 0.00099; 0.0; 
5936; 0.00069; 0.0; 
5938; 0.00058; 0.0; 
5940; 0.00139; 0.0; 
5942; 0.0028; 0.0; 
5944; 0.00332; 0.0; 
5946; 0.00256; 0.0; 
5948; 0.00144; 0.0; 
5950; 0.00181; 0.0; 
5952; 0.00186; 0.0; 
5954; 0.00112; 0.0; 
5956; 0.00213; 0.0; 
5958; 0.00156; 0.0; 
5960; 0.00106; 0.0; 
5962; 0.00115; 0.0; 
5964; 0.00071; 0.0; 
5966; 0.00128; 0.0; 
5968; 0.00095; 0.0; 
5970; 0.00068; 0.0; 
5972; 0.00111; 0.0; 
5974; 0.00068; 0.0; 
5976; 0.00129; 0.0; 
5978; 0.00108; 0.0; 
5980; 0.00126; 0.0; 
5982; 0.00126; 0.0; 
5984; 0.0015; 0.0; 
5986; 0.00118; 0.0; 
5988; 0.00075; 0.0; 
5990; 0.00049; 0.0; 
5992; 0.001; 0.0; 
5994; 0.00138; 0.0; 
5996; 0.00122; 0.0; 
5998; 0.00146; 0.0; 
6000; 0.00159; 0.0; 
6002; 0.00076; 0.0; 
6004; 0.00137; 0.0; 
6006; 0.00149; 0.0; 
6008; 0.00135; 0.0; 
6010; 0.00119; 0.0; 
6012; 0.00048; 0.0; 
6014; 0.00048; 0.0; 
6016; 0.00138; 0.0; 
6018; 0.0019; 0.0; 
6020; 0.00134; 0.0; 
6022; 0.00058; 0.0; 
6024; 0.00116; 0.0; 
6026; 0.00138; 0.0; 
6028; 0.00196; 0.0; 
6030; 0.00087; 0.0; 
6032; 0.00131; 0.0; 
6034; 0.00218; 0.0; 
6036; 0.00146; 0.0; 
6038; 0.00083; 0.0; 
6040; 0.0011; 0.0; 
6042; 0.00127; 0.0; 
6044; 0.00229; 0.0; 
6046; 0.00328; 0.0; 
6048; 0.00259; 0.0; 
6050; 0.00152; 0.0; 
6052; 0.00154; 0.0; 
6054; 0.00207; 0.0; 
6056; 0.00187; 0.0; 
6058; 0.00126; 0.0; 
6060; 0.00171; 0.0; 
6062; 0.00138; 0.0; 
6064; 0.00114; 0.0; 
6066; 0.00154; 0.0; 
6068; 0.00258; 0.0; 
6070; 0.00285; 0.0; 
6072; 0.00194; 0.0; 
6074; 0.00169; 0.0; 
6076; 0.0017; 0.0; 
6078; 0.00107; 0.0; 
6080; 0.0009; 0.0; 
6082; 0.00148; 0.0; 
6084; 0.00206; 0.0; 
6086; 0.00247; 0.0; 
6088; 0.00237; 0.0; 
6090; 0.00168; 0.0; 
6092; 0.00138; 0.0; 
6094; 0.00054; 0.0; 
6096; 0.00157; 0.0; 
6098; 0.00198; 0.0; 
6100; 0.00143; 0.0; 
6102; 0.00078; 0.0; 
6104; 0.00087; 0.0; 
6106; 0.00134; 0.0; 
6108; 0.00115; 0.0; 
6110; 0.0011; 0.0; 
6112; 0.00175; 0.0; 
6114; 0.00112; 0.0; 
6116; 0.00114; 0.0; 
6118; 0.00095; 0.0; 
6120; 0.00058; 0.0; 
6122; 0.00127; 0.0; 
6124; 0.00221; 0.0; 
6126; 0.00256; 0.0; 
6128; 0.00223; 0.0; 
6130; 0.00238; 0.0; 
6132; 0.00179; 0.0; 
6134; 0.001; 0.0; 
6136; 0.00143; 0.0; 
6138; 0.00138; 0.0; 
6140; 0.00115; 0.0; 
6142; 0.00084; 0.0; 
6144; 0.00129; 0.0; 
6146; 0.00114; 0.0; 
6148; 0.00195; 0.0; 
6150; 0.00227; 0.0; 
6152; 0.00179; 0.0; 
6154; 0.00137; 0.0; 
6156; 0.0013; 0.0; 
6158; 0.00225; 0.0; 
6160; 0.00258; 0.0; 
6162; 0.00221; 0.0; 
6164; 0.00212; 0.0; 
6166; 0.00231; 0.0; 
6168; 0.0027; 0.0; 
6170; 0.00351; 0.0; 
6172; 0.00355; 0.0; 
6174; 0.00079; 0.0; 
6176; 0.00125; 0.0; 
6178; 0.00136; 0.0; 
6180; 0.00278; 0.0; 
6182; 0.0033; 0.0; 
6184; 0.00322; 0.0; 
6186; 0.00311; 0.0; 
6188; 0.00127; 0.0; 
6190; 0.00311; 0.0; 
6192; 0.00215; 0.0; 
6194; 0.00292; 0.0; 
6196; 0.00327; 0.0; 
6198; 0.00052; 0.0; 
6200; 0.0015; 0.0; 
6202; 0.00175; 0.0; 
6204; 0.00241; 0.0; 
6206; 0.0023; 0.0; 
6208; 0.00269; 0.0; 
6210; 0.00071; 0.0; 
6212; 0.00096; 0.0; 
6214; 0.0011; 0.0; 
6216; 0.0026; 0.0; 
6218; 0.00255; 0.0; 
6220; 0.0021; 0.0; 
6222; 0.00134; 0.0; 
6224; 0.00087; 0.0; 
6226; 0.00266; 0.0; 
6228; 0.00325; 0.0; 
6230; 0.00229; 0.0; 
6232; 0.00184; 0.0; 
6234; 0.00158; 0.0; 
6236; 0.00305; 0.0; 
6238; 0.00298; 0.0; 
6240; 0.003; 0.0; 
6242; 0.00258; 0.0; 
6244; 0.00159; 0.0; 
6246; 0.00277; 0.0; 
6248; 0.00249; 0.0; 
6250; 0.00269; 0.0; 
6252; 0.00311; 0.0; 
6254; 0.00244; 0.0; 
6256; 0.00231; 0.0; 
6258; 0.00334; 0.0; 
6260; 0.00263; 0.0; 
6262; 0.00088; 0.0; 
6264; 0.00205; 0.0; 
6266; 0.00233; 0.0; 
6268; 0.00149; 0.0; 
6270; 0.00244; 0.0; 
6272; 0.0024; 0.0; 
6274; 0.00393; 0.0; 
6276; 0.00396; 0.0; 
6278; 0.00334; 0.0; 
6280; 0.0022; 0.0; 
6282; 0.00391; 0.0; 
6284; 0.00433; 0.0; 
6286; 0.00376; 0.0; 
6288; 0.00363; 0.0; 
6290; 0.00296; 0.0; 
6292; 0.00251; 0.0; 
6294; 0.00534; 0.0; 
6296; 0.00566; 0.0; 
6298; 0.00329; 0.0; 
6300; 0.00346; 0.0; 
6302; 0.00443; 0.0; 
6304; 0.00366; 0.0; 
6306; 0.00223; 0.0; 
6308; 0.00262; 0.0; 
6310; 0.00183; 0.0; 
6312; 0.00449; 0.0; 
6314; 0.00598; 0.0; 
6316; 0.00347; 0.0; 
6318; 0.00095; 0.0; 
6320; 0.00497; 0.0; 
6322; 0.00523; 0.0; 
6324; 0.00279; 0.0; 
6326; 0.00226; 0.0; 
6328; 0.00405; 0.0; 
6330; 0.00507; 0.0; 
6332; 0.00843; 0.0; 
6334; 0.00575; 0.0; 
6336; 0.00238; 0.0; 
6338; 0.00359; 0.0; 
6340; 0.00458; 0.0; 
6342; 0.00242; 0.0; 
6344; 0.00324; 0.0; 
6346; 0.00215; 0.0; 
6348; 0.00319; 0.0; 
6350; 0.00328; 0.0; 
6352; 0.00306; 0.0; 
6354; 0.00457; 0.0; 
6356; 0.0034; 0.0; 
6358; 0.00113; 0.0; 
6360; 0.00297; 0.0; 
6362; 0.00229; 0.0; 
6364; 0.00381; 0.0; 
6366; 0.00214; 0.0; 
6368; 0.00503; 0.0; 
6370; 0.00626; 0.0; 
6372; 0.00571; 0.0; 
6374; 0.00541; 0.0; 
6376; 0.00374; 0.0; 
6378; 0.00112; 0.0; 
6380; 0.00105; 0.0; 
6382; 0.00285; 0.0; 
6384; 0.00411; 0.0; 
6386; 0.00223; 0.0; 
6388; 0.00113; 0.0; 
6390; 0.0016; 0.0; 
6392; 0.00377; 0.0; 
6394; 0.00284; 0.0; 
6396; 0.0015; 0.0; 
6398; 0.00198; 0.0; 
6400; 0.00219; 0.0; 
